Time,ws,rad,VWC_2_Avg,T_2_Avg,LE,H,TKE,Precp
12/07/16 00:00:00,2.682139,-48.08,0.287,8.68,-17.0551948,-20.25001116,0.6339628438,0
12/07/16 00:30:00,3.048765,-37.67,0.287,8.68,-9.592803678,-7.496997429,0.6084629809,0
12/07/16 01:00:00,2.799855,-18.1,0.287,8.54,-11.58963343,-13.64312931,0.6492491224,0.4
12/07/16 01:30:00,1.265,-26.72,0.287,8.54,-10.16867252,-14.15480753,0.456098862,1.2
12/07/16 02:00:00,1.052797,-26.4,0.286,8.27,-13.96945498,-12.1079059,0.5511201468,0.6
12/07/16 02:30:00,1.326218,-28.74,0.286,8.27,-14.83496571,-12.72183955,0.4136427603,0.1
12/07/16 03:00:00,1.43462,-30.78,0.293,7.852,-15.70886342,-11.72693048,0.292639968,0
12/07/16 03:30:00,1.370428,-30.94,0.293,7.852,-12.4458823,-14.09861297,0.3865049202,0
12/07/16 04:00:00,1.988533,-30.19,0.301,7.711,-9.296344338,-7.727331248,0.3754170849,0
12/07/16 04:30:00,1.862763,-20.76,0.301,7.711,-3.576992947,-2.495553276,0.3733360033,0
12/07/16 05:00:00,1.899681,-9.98,0.301,7.709,-0.2141328145,-0.2039349695,0.4013872346,0
12/07/16 05:30:00,2.122165,-4.297,0.301,7.709,-0.07046856604,-0.121685459,0.4031786749,0.7
12/07/16 06:00:00,1.449898,-3.957,0.301,7.781,-0.4393030411,-0.2451246499,0.4032701148,0.3
12/07/16 06:30:00,1.828294,-4.388,0.301,7.781,4.466326879,2.243800341,0.3551876144,0.2
12/07/16 07:00:00,1.704275,3.149,0.305,7.794,5.208067558,2.558578251,0.3007704978,0.3
12/07/16 07:30:00,1.715345,4.361,0.305,7.794,9.708961366,5.38049572,0.4112030655,0
12/07/16 08:00:00,2.36241,11.97,0.312,7.859,14.8882339,9.270613566,0.4207723156,0
12/07/16 08:30:00,2.461973,21.56,0.312,7.859,36.64158806,15.46772042,0.4442842833,0
12/07/16 09:00:00,2.270723,50.55,0.312,8.18,51.87751062,38.54496772,0.488795,0
12/07/16 09:30:00,2.340558,91,0.312,8.18,105.185733,14.23576526,0.4931914838,0
12/07/16 10:00:00,2.111957,122.8,0.31,9.64,74.8120283,64.26119116,0.4170314936,0
12/07/16 10:30:00,1.969647,145.7,0.31,9.64,67.0225005,90.23901332,0.387275976,0
12/07/16 11:00:00,1.867314,167,0.308,11.49,121.786238,72.09484209,0.3693885303,0
12/07/16 11:30:00,1.733559,208.6,0.308,11.49,232.3677831,188.5442926,0.7623840233,0
12/07/16 12:00:00,1.923166,449.2,0.307,14.05,106.0093731,110.3760718,0.6385610202,0
12/07/16 12:30:00,2.157132,253.4,0.307,14.05,172.5367442,123.8557707,0.9219554033,0
12/07/16 13:00:00,3.983882,332,0.305,18.06,236.056622,251.7676876,0.6659111782,0
12/07/16 13:30:00,2.153038,530.4,0.305,18.06,65.85185112,50.23358435,0.9460255973,0.4
12/07/16 14:00:00,3.18439,152.1,0.304,19.97,34.79824222,10.44896875,0.8032123252,0.7
12/07/16 14:30:00,5.097516,71.92,0.304,19.97,55.32147085,12.89890308,0.8655920065,0.4
12/07/16 15:00:00,4.572746,90.4,0.303,14.16,34.71993465,7.641570065,0.7936848533,0
12/07/16 15:30:00,4.068717,61.2,0.303,14.16,9.753962813,2.810431187,0.6359435998,0.3
12/07/16 16:00:00,3.224849,28.63,0.306,12.93,92.95255794,40.70334622,0.5885939977,0.1
12/07/16 16:30:00,3.3749,148.6,0.306,12.93,125.6465729,137.5726342,0.6941580497,0
12/07/16 17:00:00,3.323642,283.9,0.308,13.33,65.98026685,21.71384058,0.5241711223,0
12/07/16 17:30:00,3.337322,109.6,0.308,13.33,20.04700157,5.316852725,0.4590850624,0
12/07/16 18:00:00,3.393647,43.82,0.308,14.66,36.89480078,9.274990006,0.5439054532,0
12/07/16 18:30:00,2.831813,63.15,0.308,14.66,-9.642278783,-7.074688747,0.6432401616,0
12/07/16 19:00:00,2.728705,-2.845,0.307,13.38,8.519704722,0.4960800079,0.5291639781,0
12/07/16 19:30:00,3.491531,19.71,0.307,13.38,20.84942828,11.93627207,0.6966091189,0
12/07/16 20:00:00,5.07871,42.33,0.306,11.23,18.79649153,3.209255753,0.8507182611,0
12/07/16 20:30:00,5.190692,29.96,0.306,11.23,5.70051524,0.9594591532,0.8922087355,0
12/07/16 21:00:00,3.696523,12.92,0.305,10.62,0,0,0.8345238251,0
12/07/16 21:30:00,3.634457,5.351,0.305,10.62,-9.29305583,-9.686134104,0.7123618807,0
12/07/16 22:00:00,2.776706,-15.16,0.304,10.17,-14.74756027,-11.67975159,0.585029624,0
12/07/16 22:30:00,2.778193,-24.19,0.304,10.17,-10.31621251,-8.471126905,0.7455829226,0.3
12/07/16 23:00:00,1.361089,-17.64,0.304,9.23,-10.08014041,-12.77957975,0.5356715024,0.4
12/07/16 23:30:00,1.562318,-22.2,0.304,9.23,-13.87046927,-19.31821421,0.6087773876,0.1
13/07/201600:00:00,2.523012,-33.16,0.304,9.05,-20.85938539,-28.35400605,0.3653943769,0.1
13/07/201600:30:00,1.623907,-49.96,0.304,9.05,-19.74344673,-26.36948329,0.37252746,0
13/07/201601:00:00,1.128051,-47.52,0.305,8.56,-18.28038604,-13.48600952,0.2449908775,0
13/07/201601:30:00,1.454691,-33.75,0.305,8.56,-22.57537949,-13.05856247,0.3354628568,0.1
13/07/201602:00:00,1.35115,-38.25,0.306,8.2,-21.08178078,-8.378757552,0.2702945325,0.3
13/07/201602:30:00,1.067284,-32.54,0.306,8.2,-13.08983648,-5.484121677,0.2320186896,0.8
13/07/201603:00:00,0.8174309,-21.97,0.306,7.946,-8.244864072,-3.541940143,0.1661447562,1.1
13/07/201603:30:00,0.8416442,-15.59,0.306,7.946,-7.828010843,-3.368987854,0.2168563738,0.8
13/07/201604:00:00,1.156652,-15.49,0.312,7.675,-5.383827949,-5.214621885,0.2746580181,0.7
13/07/201604:30:00,1.515754,-15.21,0.312,7.675,-5.251820871,-2.850615123,0.3254325912,0.7
13/07/201605:00:00,1.203814,-12.83,0.331,7.493,-5.496750099,-2.129230354,0.2480993524,0.7
13/07/201605:30:00,1.086269,-12.48,0.331,7.493,-3.129781893,-3.05660088,0.2577068624,0.6
13/07/201606:00:00,1.113519,-11.07,0.337,7.477,-2.50045924,-1.880334281,0.3126563918,0.4
13/07/201606:30:00,0.9293503,-9.27,0.337,7.477,0.9666579975,0.4890506045,0.2581619312,0.1
13/07/201607:00:00,0.9501233,-3.195,0.341,7.554,9.915385871,5.298046256,0.2608263606,0.2
13/07/201607:30:00,0.9271407,11.01,0.341,7.554,22.77882925,11.34386742,0.2259276951,0.1
13/07/201608:00:00,1.088336,30.82,0.34,7.872,31.68469789,17.57862456,0.2611533364,0
13/07/201608:30:00,0.9977075,47.08,0.34,7.872,44.32102999,27.60415278,0.222572746,0.1
13/07/201609:00:00,0.7670419,71.44,0.34,8.77,69.74535979,54.50517963,0.2235534601,0
13/07/201609:30:00,1.18819,126.4,0.34,8.77,57.40354929,43.14399667,0.3238472699,0.1
13/07/201610:00:00,1.421022,105,0.34,10.19,55.14925159,77.22052934,0.332330306,0
13/07/201610:30:00,2.201872,139.3,0.34,10.19,77.1389991,77.87725728,0.3648624895,0.1
13/07/201611:00:00,2.214699,164.7,0.34,11.35,74.24432703,56.65222514,0.4081845639,0.2
13/07/201611:30:00,2.227303,142.2,0.34,11.35,80.03296877,76.94880514,0.4655723967,0
13/07/201612:00:00,2.261563,169.9,0.341,12.24,87.4350834,65.07455863,0.4550044759,0.1
13/07/201612:30:00,2.52288,168,0.341,12.24,65.74100582,109.19594,0.4576012001,0
13/07/201613:00:00,3.035672,191.3,0.342,12.96,111.3380518,71.10227426,0.5098731795,0
13/07/201613:30:00,3.524635,201.3,0.342,12.96,89.49029555,47.98839324,0.6172055853,0.1
13/07/201614:00:00,3.442427,157.4,0.342,14.25,64.28178898,67.47888275,0.5927398333,0
13/07/201614:30:00,3.392415,150.7,0.342,14.25,79.27797551,72.7138527,0.5846006754,0
13/07/201615:00:00,3.223529,171.9,0.342,13.78,101.2087255,69.67019522,0.6041700016,0
13/07/201615:30:00,2.51224,191.9,0.342,13.78,59.98983355,30.67727727,0.4615710903,0.5
13/07/201616:00:00,1.732399,111,0.341,14.64,112.2452659,128.6902007,0.5286601464,0.1
13/07/201616:30:00,1.508021,262,0.341,14.64,79.16334783,30.57807007,0.6997598002,0.1
13/07/201617:00:00,1.231993,133.9,0.342,15.53,29.46983993,8.65065587,0.7206545474,0
13/07/201617:30:00,1.398788,58.19,0.342,15.53,28.65412314,6.495076016,0.8365608902,0
13/07/201618:00:00,1.178729,52.62,0.341,13.43,64.78049272,24.60294499,0.6310594265,0.2
13/07/201618:30:00,0.830725,105.9,0.341,13.43,36.55062297,12.80153337,0.3473893366,0
13/07/201619:00:00,0.7747817,65.9,0.341,13.13,-7.201035626,-4.100925954,0.3981431767,0
13/07/201619:30:00,1.611901,3.369,0.341,13.13,-20.089028,-21.64580433,0.5522413852,0
13/07/201620:00:00,1.190514,-28.19,0.341,12.38,20.09732357,4.485254713,0.5716443038,0
13/07/201620:30:00,1.192843,36.97,0.341,12.38,-12.31684721,-5.258848325,0.4324184791,0
13/07/201621:00:00,2.587053,-7.159,0.341,12.08,-38.47859878,-42.95144031,0.9945010663,0
13/07/201621:30:00,3.196653,-73.54,0.341,12.08,-55.57559489,-73.46430856,1.607324871,0
13/07/201622:00:00,1.346836,-124.5,0.34,10.04,-24.82598001,-36.02428548,0.7663261353,0
13/07/201622:30:00,1.650627,-58.1,0.34,10.04,-54.82683176,-6.812035906,0.4349714056,0
13/07/201623:00:00,1.919355,-60.42,0.339,8.89,-24.06579001,-35.90053612,0.4714991402,0
13/07/201623:30:00,1.391484,-60.06,0.339,8.89,-26.15358507,-36.84477765,0.3605934148,0
14/07/201600:00:00,1.672607,-64.06,0.339,8.29,-21.42330988,-31.7293357,0.5922667342,0
14/07/201600:30:00,1.846741,-54.87,0.339,8.29,-16.18605754,-24.38311716,0.4516880518,0
14/07/201601:00:00,1.193156,-42.63,0.338,8.2,-32.5205502,-11.5065771,0.4163086993,0
14/07/201601:30:00,1.58996,-46.71,0.338,8.2,-7.576586379,-5.4337942,0.6678991805,0
14/07/201602:00:00,2.194058,-16.13,0.338,7.82,-5.535201591,-0.2003942113,0.5607042963,0
14/07/201602:30:00,2.713117,-8.98,0.338,7.82,-3.587981617,-3.146848437,0.5346023366,0
14/07/201603:00:00,2.61806,-10.26,0.338,7.897,-5.769456396,-3.892215522,0.4003286796,0
14/07/201603:30:00,2.576861,-13.53,0.338,7.897,-6.143973122,-8.273344466,0.3557590759,0
14/07/201604:00:00,1.987427,-18.66,0.337,7.676,-6.396511899,-2.484168371,0.2778748207,0
14/07/201604:30:00,1.552145,-13.4,0.337,7.676,-7.171711775,-2.830794439,0.3385885872,0
14/07/201605:00:00,2.484724,-14.74,0.337,7.53,-3.975219661,-5.609089139,0.4204554193,0
14/07/201605:30:00,2.414925,-14.66,0.337,7.53,-5.250501986,-2.528110765,0.3083951806,0
14/07/201606:00:00,2.442625,-13.01,0.336,7.277,-7.573559754,-6.558520402,0.3647674974,0
14/07/201606:30:00,1.773451,-19.62,0.336,7.277,1.218694109,0.1450003317,0.3248657772,0
14/07/201607:00:00,1.726078,-4.342,0.336,7.036,28.52682914,11.18576446,0.3637691826,0
14/07/201607:30:00,1.857755,34.71,0.336,7.036,43.25027759,19.86412005,0.3849112062,0
14/07/201608:00:00,1.719343,59.91,0.335,7.743,57.46634115,31.52153105,0.4288819642,0
14/07/201608:30:00,1.183591,87.9,0.335,7.743,31.26958177,15.6188133,0.3218965765,0
14/07/201609:00:00,1.048729,46.36,0.335,8.96,46.13890702,26.83676473,0.2844749761,0
14/07/201609:30:00,0.7682083,73.1,0.335,8.96,75.23072705,37.18408774,0.3176075832,0.1
14/07/201610:00:00,0.9716287,114,0.335,9.18,61.20342829,66.40805348,0.4387604745,0.3
14/07/201610:30:00,1.330257,131.4,0.335,9.18,123.3127339,56.32815309,0.4184037376,0.1
14/07/201611:00:00,1.279419,186.1,0.334,10.47,90.88282522,70.90614511,0.4732542555,0.1
14/07/201611:30:00,1.168963,170.6,0.334,10.47,74.26870596,78.25517526,0.4607001048,0
14/07/201612:00:00,1.066864,162.7,0.334,11.82,110.8898003,91.58284334,0.4429213316,0.1
14/07/201612:30:00,1.460997,214.2,0.334,11.82,144.629589,135.2854556,0.563806228,0
14/07/201613:00:00,1.683792,294.9,0.333,12.61,183.2920793,197.1586642,0.5699143461,0
14/07/201613:30:00,1.595905,401.9,0.333,12.61,158.9280999,131.7968259,0.4659016012,0
14/07/201614:00:00,0.9026314,313.6,0.333,15.65,184.7561609,178.5190787,0.4342729801,0
14/07/201614:30:00,1.400807,390,0.333,15.65,223.1767619,113.357212,0.7437571535,0
14/07/201615:00:00,1.272699,364.9,0.333,16.68,243.1822218,157.5550964,0.5873356628,0
14/07/201615:30:00,1.283552,437,0.333,16.68,128.1157046,53.61186872,0.6780288498,0
14/07/201616:00:00,2.561882,213.5,0.332,17.79,225.45233,100.8998522,1.282235713,0
14/07/201616:30:00,2.000221,357.2,0.332,17.79,211.1851957,169.1196793,1.161506812,0
14/07/201617:00:00,1.394966,413.1,0.331,17.06,242.7726003,108.0672685,0.8171447038,0
14/07/201617:30:00,1.077513,382.4,0.331,17.06,223.5634477,211.5658377,0.6448623095,0
14/07/201618:00:00,1.677386,461.1,0.33,18.59,104.9705933,61.96290347,0.836546679,0
14/07/201618:30:00,2.435344,188.9,0.33,18.59,128.9666532,39.86154661,0.4601385401,0
14/07/201619:00:00,2.475092,189.9,0.33,16.47,73.21715269,56.53452651,0.4398541645,0
14/07/201619:30:00,3.165766,147.8,0.33,16.47,85.35353003,44.75033279,0.6514190128,0
14/07/201620:00:00,3.442197,145.9,0.329,13.7,17.16699397,2.417905493,0.5957466504,0
14/07/201620:30:00,3.492996,34.01,0.329,13.7,-2.224760473,-1.827676747,0.6611708296,0
14/07/201621:00:00,2.851507,8.4,0.329,12.84,-3.149082329,-0.009108650811,0.72410607,0
14/07/201621:30:00,2.731689,7.075,0.329,12.84,-33.61598062,-43.40258096,0.517119179,0.2
14/07/201622:00:00,2.714007,-70.33,0.329,10.97,-35.58456102,-45.05183975,0.3676854556,0
14/07/201622:30:00,3.190754,-77.4,0.329,10.97,-24.5482364,-28.11398094,0.5334780947,0
14/07/201623:00:00,3.555238,-51.83,0.328,8.53,-5.755082048,-6.819207368,0.7081577749,0
14/07/201623:30:00,3.227045,-12.02,0.328,8.53,-7.964674276,-9.425172135,0.670353005,0
16/07/201600:00:00,1.713012,-45.45,0.371,5.956,-3.962358747,-5.647796279,0.6500909003,0
16/07/201600:30:00,1.659289,-17.95,0.371,5.956,-6.755175651,-3.522328712,0.4455271362,0
16/07/201601:00:00,1.319448,-18.66,0.366,5.951,-6.325318298,-2.921308674,0.6057311889,0.1
16/07/201601:30:00,2.674598,-17.5,0.366,5.951,-0.4945327879,-0.6718120521,0.648107242,0
16/07/201602:00:00,4.968576,-9.55,0.363,6.03,3.39984361,1.512694877,0.8513723023,0
16/07/201602:30:00,2.798556,-3.599,0.363,6.03,-8.190888807,-4.124060159,0.8161088368,0
16/07/201603:00:00,1.15369,-20.82,0.36,6.001,-10.75102399,-12.40432605,0.5538187396,0
16/07/201603:30:00,1.348931,-31.58,0.36,6.001,-4.871739963,-4.866082626,0.3776798579,0.3
16/07/201604:00:00,1.833819,-18.24,0.358,5.85,-4.750248295,-11.16775035,0.9559183146,2
16/07/201604:30:00,1.574056,-24.63,0.358,5.85,-6.110702916,-13.68275901,0.3450658491,1.3
16/07/201605:00:00,0.8458931,-29.32,0.358,5.474,-2.68378557,-3.44509994,0.3006418615,0.1
16/07/201605:30:00,0.9811368,-16.22,0.358,5.474,-11.84576278,-6.588437064,0.2266190695,0.1
16/07/201606:00:00,1.519838,-28.58,0.368,5.121,-7.277768949,-18.28422357,0.397675045,0.3
16/07/201606:30:00,0.8564214,-35.77,0.368,5.121,-3.347621887,-4.182488893,0.2166897306,0.2
16/07/201607:00:00,0.8255292,-17.67,0.369,5.017,7.933179434,3.736329323,0.2233274373,0
16/07/201607:30:00,1.361614,2.222,0.369,5.017,1.766695187,0.3151351869,0.3768740477,0
16/07/201608:00:00,0.8795648,-6.308,0.368,5.642,6.077314201,3.390014624,0.439423449,0.1
16/07/201608:30:00,1.466687,1.634,0.368,5.642,14.01343548,6.405645161,0.2345922309,0
16/07/201609:00:00,0.8207744,13.51,0.366,5.953,45.24747458,27.39879617,0.3899478935,0
16/07/201609:30:00,0.7670923,67.49,0.366,5.953,60.05576068,44.88320355,0.2424243855,0
16/07/201610:00:00,0.7203152,102.2,0.364,7.079,69.97946477,51.54369515,0.4001258951,0.5
16/07/201610:30:00,0.9523098,121.4,0.364,7.079,60.46225068,56.0407227,0.3641505528,0
16/07/201611:00:00,0.8127533,119.3,0.361,8.55,58.61658248,32.5755795,0.3343642944,0.5
16/07/201611:30:00,1.053953,94.5,0.361,8.55,54.07947994,57.96269147,0.3553129928,0.2
16/07/201612:00:00,1.031615,116.5,0.36,8.95,63.96783357,43.88839325,0.3891434786,0.4
16/07/201612:30:00,0.8534781,112.9,0.36,8.95,103.3682769,69.53375913,0.4271923485,0.4
16/07/201613:00:00,1.754145,180.3,0.359,9.38,136.5683866,81.31561161,0.5257926281,0
16/07/201613:30:00,1.885912,229.5,0.359,9.38,150.8597432,59.65537625,0.4218821013,0
16/07/201614:00:00,2.148343,226.5,0.359,12.11,119.8084886,65.23238646,0.5554430456,0
16/07/201614:30:00,2.23416,204.3,0.359,12.11,142.0775971,188.8008383,0.5814851441,0.1
16/07/201615:00:00,2.710308,354.5,0.358,13.03,196.5976604,205.8085973,0.6898774605,0.4
16/07/201615:30:00,2.966488,435.1,0.358,13.03,254.1734727,245.5168399,0.7638379354,0
16/07/201616:00:00,2.84,540.4,0.357,17.12,223.0757056,209.7631384,0.6563896275,0
16/07/201616:30:00,3.033255,473.3,0.357,17.12,120.0543667,81.61301092,0.6799401634,0
16/07/201617:00:00,3.042767,236,0.355,17.84,155.2574693,79.57774124,0.7824550286,0
16/07/201617:30:00,2.795319,263.6,0.355,17.84,115.8500641,68.56412793,0.714330148,0
16/07/201618:00:00,1.165214,210.2,0.354,15.06,54.5902793,37.84937735,0.5994063899,0
16/07/201618:30:00,1.160475,114.6,0.354,15.06,26.87204828,17.102468,0.5782624544,0
16/07/201619:00:00,1.27406,61.69,0.353,12.97,31.9903964,14.77359144,0.5395342095,0
16/07/201619:30:00,1.121902,62.1,0.353,12.97,20.44070095,13.04098907,0.4472662373,0
16/07/201620:00:00,0.7599236,46.07,0.352,11.3,10.78405107,7.686759605,0.3841298107,0
16/07/201620:30:00,0.9525445,29.06,0.352,11.3,4.85331456,0.5993098764,0.5314176057,0
16/07/201621:00:00,0.9180682,14.16,0.351,10.39,-4.582597938,-3.772868215,0.4620886724,0.2
16/07/201621:30:00,0.9075706,-1.478,0.351,10.39,-8.776031397,-5.326547855,0.3730486872,0
16/07/201622:00:00,2.419278,-9.04,0.35,9.45,-11.96053066,-11.61703735,0.5265095411,0.1
16/07/201622:30:00,2.265901,-20.11,0.35,9.45,-11.81419748,-15.3963681,0.5012376835,0
16/07/201623:00:00,2.122953,-25.27,0.349,8.5,-12.04723306,-13.70197121,0.3748236731,0
16/07/201623:30:00,2.148156,-24.86,0.349,8.5,-11.7452543,-29.05298841,0.5964241491,0
17/07/201600:00:00,2.362922,-40.83,0.348,8.12,-16.1987443,-15.77062173,0.506093882,0.2
17/07/201600:30:00,1.874268,-32.54,0.348,8.12,-8.631402041,-9.32562813,0.5335555804,0.5
17/07/201601:00:00,2.133051,-19.13,0.347,7.926,-10.28695362,-11.68929534,0.5270686105,0.3
17/07/201601:30:00,2.186291,-23.75,0.347,7.926,-6.347288059,-7.233849019,0.5775544948,0.1
17/07/201602:00:00,1.373884,-15.83,0.347,7.667,-11.66609029,-11.95726469,0.6215029803,0.4
17/07/201602:30:00,1.006016,-26.25,0.347,7.667,-7.95937559,-7.080808788,0.4641379329,0.1
17/07/201603:00:00,0.8995454,-17.92,0.347,7.541,-9.857806185,-4.095914938,0.4408078787,0.8
17/07/201603:30:00,1.722495,-17.15,0.347,7.541,-19.02642244,-7.784128076,0.334957871,0
17/07/201604:00:00,1.383771,-30.26,0.348,7.418,-14.08715934,-16.34680587,0.4317446654,0
17/07/201604:30:00,1.085617,-34.01,0.348,7.418,-26.99911535,-15.88598412,0.3787606166,0.1
17/07/201605:00:00,0.9551491,-46.67,0.349,7.296,-18.67692254,-33.6930884,0.4585373104,0
17/07/201605:30:00,1.459744,-56.57,0.349,7.296,-24.08160879,-39.94265642,0.6097042896,0.2
17/07/201606:00:00,2.279383,-68.56,0.349,6.922,-50.49220095,-23.72229167,0.8041869435,0
17/07/201606:30:00,2.245987,-79.2,0.349,6.922,-21.6305918,-34.92123117,0.7100366401,0.2
17/07/201607:00:00,2.203539,-61.55,0.349,6.656,-11.01324798,-14.35287037,0.594187845,0
17/07/201607:30:00,2.645967,-29.11,0.349,6.656,-32.2024142,-15.36252596,0.8092295754,0
17/07/201608:00:00,2.187269,-50.65,0.348,7.611,-8.839481599,-11.70892246,0.6987844968,0.1
17/07/201608:30:00,3.313982,-23.77,0.348,7.611,-12.08266268,-5.60538718,0.8373510925,0
17/07/201609:00:00,2.44585,-19.84,0.348,7.439,0,0,0.7740907101,0.6
17/07/201609:30:00,2.735174,-0.229,0.348,7.439,73.97247914,28.51355826,0.8922886507,0.2
17/07/201610:00:00,3.278607,104.1,0.348,8.23,21.46453886,22.0295484,1.227044806,1.3
17/07/201610:30:00,2.331035,47.26,0.348,8.23,188.8035591,125.3885807,0.9031647055,0
17/07/201611:00:00,2.608307,325.3,0.35,9.38,100.8278976,58.99590956,0.7160521247,0
17/07/201611:30:00,2.809462,184.9,0.35,9.38,93.18034088,75.17561342,0.7255614747,0
17/07/201612:00:00,2.608001,196,0.352,14.27,96.43896298,74.16047906,0.6675564161,0.2
17/07/201612:30:00,2.589492,203.5,0.352,14.27,205.3687075,181.4785659,0.7946894637,0.2
17/07/201613:00:00,2.063648,428.1,0.351,15.06,222.4466794,222.3552488,0.7232646004,0.3
17/07/201613:30:00,2.129319,497.6,0.351,15.06,171.4609807,143.6284626,0.7052772653,0
17/07/201614:00:00,3.113945,368.3,0.351,20.24,64.56915791,42.33225353,0.9810290073,0
17/07/201614:30:00,5.474302,143.2,0.351,20.24,26.68449161,7.781681383,0.9818713891,0
17/07/201615:00:00,5.780571,60.92,0.35,14.83,-2.566628146,-1.294378384,0.876749781,0.9
17/07/201615:30:00,5.126856,15.97,0.35,14.83,-18.58391926,-12.91770596,0.713594713,0.9
17/07/201616:00:00,2.840527,-18.08,0.35,11.1,-15.02982741,-6.480785342,1.08358783,1.1
17/07/201616:30:00,2.653682,-11.96,0.35,11.1,-10.40185106,-5.039551556,0.5843553491,1.9
17/07/201617:00:00,3.12617,-7.509,0.355,9.4,0,0,0.5666677794,0.5
17/07/201617:30:00,1.359536,6.105,0.355,9.4,23.50321571,11.23204762,0.3916899364,0.2
17/07/201618:00:00,2.473218,41.3,0.369,9.38,39.9858639,8.789013559,0.4603416608,0
17/07/201618:30:00,1.535294,57.31,0.369,9.38,58.4378391,17.90150796,0.8522711724,0
17/07/201619:00:00,1.145918,86.2,0.372,11.02,18.61755722,5.837172916,0.4792416922,0.1
17/07/201619:30:00,1.030267,33.76,0.372,11.02,20.1613829,5.050799538,0.5680228402,0
17/07/201620:00:00,1.469736,33.44,0.369,10.59,-1.280445246,-2.455992289,0.4774730654,0
17/07/201620:30:00,2.196128,3.506,0.369,10.59,-7.846533598,-7.96308946,0.2693741114,0
17/07/201621:00:00,1.210839,-9.97,0.366,9.86,-12.78064955,-19.27422497,0.401080363,0.4
17/07/201621:30:00,0.9497743,-27.6,0.366,9.86,-14.7823313,-36.80402062,0.3926819374,0.1
17/07/201622:00:00,1.848374,-49.05,0.364,9.12,-27.91526514,-38.43129384,0.299316785,0
17/07/201622:30:00,1.107105,-65.86,0.364,9.12,-21.96839962,-13.69629608,0.2864908166,0
17/07/201623:00:00,0.9489086,-36.8,0.361,7.811,-9.091415345,-22.33781399,0.3033569737,0
17/07/201623:30:00,1.122512,-33.66,0.361,7.811,-13.79202447,-21.04963459,0.5692424155,0
18/07/201600:00:00,1.006098,-38.01,0.359,7.315,-13.76749452,-30.02661577,0.3080873096,0
18/07/201600:30:00,0.6951979,-48.18,0.359,7.315,-22.21620307,-34.00119209,0.2908158666,0
18/07/201601:00:00,1.056495,-61.99,0.358,6.482,-12.47482541,-49.67561243,0.3027401938,0.2
18/07/201601:30:00,1.436752,-69.8,0.358,6.482,-27.47049057,-36.18541045,0.4387090478,0
18/07/201602:00:00,0.8439488,-72.78,0.356,5.293,-18.92616968,-12.51002845,0.3100758581,0
18/07/201602:30:00,0.6737576,-41.43,0.356,5.293,-13.33528972,-41.65464861,0.3708612921,0
18/07/201603:00:00,0.6110684,-65.17,0.355,5.293,-22.60019873,-13.97070299,0.2487578112,0.9
18/07/201603:30:00,0.6259014,-47.26,0.355,5.293,-27.27823759,-17.43227375,0.322672241,0.1
18/07/201604:00:00,0.8393899,-55.39,0.354,4.965,-37.02822863,-22.9100606,0.3670368777,0
18/07/201604:30:00,1.560793,-71.46,0.354,4.965,-13.71394446,-42.87899698,0.3021975816,0.1
18/07/201605:00:00,1.189966,-69.11,0.352,4.281,-18.93455354,-25.86982615,0.3308176211,0.2
18/07/201605:30:00,1.477374,-57.5,0.352,4.281,-20.93166166,-32.93664799,0.4010691897,0
18/07/201606:00:00,2.129854,-67.03,0.351,4.231,-26.65454801,-34.95631822,0.5242733972,0
18/07/201606:30:00,2.089622,-75.4,0.351,4.231,-20.63957992,-33.0861274,0.5066367739,0
18/07/201607:00:00,2.316425,-67.91,0.35,3.78,-7.728731617,-10.02824655,0.4953705301,0
18/07/201607:30:00,2.875923,-31.5,0.35,3.78,15.96861578,6.724358648,0.6425724704,0.1
18/07/201608:00:00,4.068855,11.25,0.35,4.612,44.87333942,27.33957133,0.7905187114,0.2
18/07/201608:30:00,3.299428,64.13,0.35,4.612,93.27480081,51.40199396,0.6470718985,0
18/07/201609:00:00,4.352213,137.7,0.349,5.661,134.6350223,71.91622389,0.6814908176,0.4
18/07/201609:30:00,4.931121,200.8,0.349,5.661,175.759711,99.93394628,0.7678749597,0.6
18/07/201610:00:00,4.746504,271.2,0.348,7.374,196.3965661,146.1098298,0.6830377855,0.1
18/07/201610:30:00,4.704926,341.4,0.348,7.374,179.5991332,229.4582096,0.8460583547,0.9
18/07/201611:00:00,4.767267,420.6,0.347,12.59,225.6466121,235.4942724,0.7666188937,0
18/07/201611:30:00,4.018196,498.3,0.347,12.59,287.9333872,257.5299078,0.7672483585,0
18/07/201612:00:00,3.029675,598.3,0.346,18.36,296.2658379,329.1434665,0.757094742,0
18/07/201612:30:00,3.190473,688.6,0.346,18.36,276.7616812,351.6416016,0.8160036834,0.2
18/07/201613:00:00,2.641356,696.5,0.345,21.3,310.1190296,287.7669127,0.922230597,0
18/07/201613:30:00,3.004299,669.7,0.345,21.3,289.7721894,329.6498434,0.9494662833,0
18/07/201614:00:00,3.45538,690.7,0.344,25.64,333.3353862,381.856654,1.105200596,0
18/07/201614:30:00,3.907976,792.1,0.344,25.64,326.8021741,268.7200009,1.124098538,0
18/07/201615:00:00,2.831883,671.8,0.343,28.86,275.2451974,177.2286202,1.061062052,0
18/07/201615:30:00,2.690713,518.3,0.343,28.86,244.7169006,164.7204695,0.8245070246,0
18/07/201616:00:00,2.186255,470.2,0.342,23.89,229.46983,123.3237669,0.8148245738,0
18/07/201616:30:00,2.895742,408.6,0.342,23.89,188.8550803,75.26293676,0.7614469095,0
18/07/201617:00:00,2.795552,313.2,0.341,23.88,170.5359507,312.6840404,1.116317708,0
18/07/201617:30:00,3.628513,527.8,0.341,23.88,192.1372082,139.6592634,0.9834680688,0
18/07/201618:00:00,3.350474,367.9,0.34,24.57,130.4754497,27.7584342,1.138820126,0
18/07/201618:30:00,2.528233,190.7,0.34,24.57,84.34226289,-1.501343016,0.8252013878,0
18/07/201619:00:00,5.540126,112.8,0.339,19.98,0,0,1.359769947,0
18/07/201619:30:00,3.148139,29.4,0.339,19.98,26.32550185,11.08023267,1.397111822,0
18/07/201620:00:00,2.517799,57.35,0.338,15.98,67.57779091,-1.326638341,1.101417099,0
18/07/201620:30:00,1.369187,83.8,0.338,15.98,-10.73954562,-7.69829426,0.7861036699,0
18/07/201621:00:00,1.966201,-2.891,0.338,14.01,-24.40992336,-8.961064872,0.9078692105,0
18/07/201621:30:00,3.908164,-19.92,0.338,14.01,-56.58573143,-28.95402873,1.562677767,0
18/07/201622:00:00,6.46612,-74.56,0.337,12.74,-65.65962145,-47.46616296,1.529747014,1.6
18/07/201622:30:00,2.461008,-105,0.337,12.74,-51.58285352,-42.07394255,1.05077824,0.4
18/07/201623:00:00,1.570973,-88,0.337,10.86,-86.83516932,-60.54639746,0.4511283018,0
18/07/201623:30:00,3.872921,-144.1,0.337,10.86,-85.82961973,-60.64541647,1.287755033,0
19/07/201600:00:00,5.894458,-146.1,0.338,9.18,-48.33087387,-46.18659004,0.9790197319,0
19/07/201600:30:00,5.860761,-95.8,0.338,9.18,-46.15448701,-26.92812902,1.136985021,0
19/07/201601:00:00,5.357482,-75.46,0.338,8.7,-23.24813944,-41.19896836,1.036550473,0
19/07/201601:30:00,3.607982,-68.51,0.338,8.7,-20.34988248,-36.89211671,0.9995629992,0
19/07/201602:00:00,3.211582,-62.43,0.337,7.645,-14.94342763,-47.05613974,1.00444277,0
19/07/201602:30:00,3.658794,-67.62,0.337,7.645,-20.14423964,-36.29858896,0.7270354474,0
19/07/201603:00:00,2.465181,-63,0.337,7.381,-36.3860568,-19.29207629,0.8286459677,0
19/07/201603:30:00,2.565584,-62.61,0.337,7.381,-36.46642275,-34.41109469,0.9561137019,0.1
19/07/201604:00:00,1.709733,-78.59,0.337,7.129,-30.13216711,-37.7140947,0.629433465,0
19/07/201604:30:00,2.848709,-76.55,0.337,7.129,-32.02706455,-14.40766577,0.9988959238,0.1
19/07/201605:00:00,2.269326,-55.7,0.337,6.294,-25.15874996,-14.47837274,0.7919413789,0.1
19/07/201605:30:00,3.718683,-48.84,0.337,6.294,-12.11289362,-22.822172,1.004158707,0
19/07/201606:00:00,2.188993,-43.67,0.336,6.687,-6.141110606,-17.81347273,0.9606178543,0.1
19/07/201606:30:00,2.365294,-32.32,0.336,6.687,-11.77639982,-14.92933416,0.8743617404,0
19/07/201607:00:00,4.592632,-34.56,0.336,7.208,5.590829136,-1.436975619,1.332125844,0.2
19/07/201607:30:00,4.6715,-3.195,0.336,7.208,26.24114342,7.337331974,1.437653392,0
19/07/201608:00:00,6.750553,27.88,0.335,7.581,41.01979265,9.839035349,1.708484563,0
19/07/201608:30:00,5.854883,46.69,0.335,7.581,77.57371607,51.86625121,1.632193376,0
19/07/201609:00:00,4.078783,127.2,0.335,8.62,200.7645073,14.47870252,1.792303019,0
19/07/201609:30:00,2.563429,216.3,0.335,8.62,147.7576512,64.23138285,1.040989212,0
19/07/201610:00:00,3.187116,216.9,0.335,10.91,137.4959286,102.9646378,1.175833565,0
19/07/201610:30:00,3.204195,248.2,0.335,10.91,203.8328893,175.309812,1.164079867,0
19/07/201611:00:00,3.515825,396.3,0.334,13.11,156.1389401,72.49834773,1.420898408,0
19/07/201611:30:00,3.197731,252.3,0.334,13.11,256.9402011,244.7688757,1.345789632,0
19/07/201612:00:00,2.877473,537.7,0.334,15.26,211.734049,228.5038769,1.219138678,0
19/07/201612:30:00,3.354748,484.2,0.334,15.26,195.6674208,174.5943219,1.497168492,0
19/07/201613:00:00,4.311434,413.2,0.333,18.78,244.2766552,262.8688109,2.001763058,0
19/07/201613:30:00,3.175062,557.7,0.333,18.78,229.4257371,215.8042682,1.439906683,0
19/07/201614:00:00,3.871456,500,0.332,21.48,187.7431796,132.7623047,1.541482229,0
19/07/201614:30:00,4.085424,364.5,0.332,21.48,204.0865281,189.9632314,1.685433947,0
19/07/201615:00:00,3.334082,441.2,0.332,19.42,99.43871437,131.7766031,1.313420746,0
19/07/201615:30:00,3.961909,270.6,0.332,19.42,206.493091,178.6409961,1.522580339,0
19/07/201616:00:00,2.287244,423.9,0.331,17.98,106.3000499,37.10114455,1.046226816,0
19/07/201616:30:00,3.114893,178.7,0.331,17.98,121.6860426,75.77344074,1.541738836,0
19/07/201617:00:00,2.177574,226.7,0.33,17.53,63.66385512,10.05952232,1.263702252,0
19/07/201617:30:00,2.482283,99.2,0.33,17.53,116.0037576,13.62085229,1.483042236,0
19/07/201618:00:00,2.227082,150.5,0.33,15.67,104.9009508,-1.087567986,1.372720445,0
19/07/201618:30:00,2.624257,121.8,0.33,15.67,53.24846431,19.35539851,1.434454354,0
19/07/201619:00:00,3.681513,88.4,0.33,14.62,16.09530335,0.8892614003,1.615032615,0
19/07/201619:30:00,3.194479,30.22,0.33,14.62,15.53604575,0.9862215023,1.544446824,0
19/07/201620:00:00,3.414952,28.03,0.329,13.18,-13.07653375,-8.171971297,1.799369508,0
19/07/201620:30:00,2.51683,-11.94,0.329,13.18,-12.12896594,-17.91510443,0.9551644008,0
19/07/201621:00:00,1.989252,-22.4,0.329,12.16,-21.90655268,-50.02719734,0.7821711788,0.7
19/07/201621:30:00,3.506892,-65.8,0.329,12.16,-122.3212495,-74.02477435,1.232240104,1.3
19/07/201622:00:00,2.208094,-192,0.329,10.91,-123.7962198,-62.24562067,1.035586165,0
19/07/201622:30:00,2.717045,-184.1,0.329,10.91,-99.38262379,-89.99547923,1.433431695,0
19/07/201623:00:00,2.752798,-188.7,0.33,9.36,-106.8381621,-79.87350558,1.449109238,0
19/07/201623:30:00,1.643857,-188.1,0.33,9.36,-83.37945022,-79.55984785,0.9381997855,0
20/07/201600:00:00,2.916662,-165.5,0.33,8.38,-103.1109653,-42.07085228,1.347238138,0
20/07/201600:30:00,2.491895,-149.1,0.33,8.38,-99.9224757,-46.15826804,0.8197448821,0
20/07/201601:00:00,1.858747,-150.4,0.33,8.02,-63.66770531,-22.92577986,0.8165216865,0
20/07/201601:30:00,3.879193,-91.9,0.33,8.02,-13.69929711,-14.39055877,1.085427397,0
20/07/201602:00:00,4.393794,-33.89,0.33,7.436,-45.11856233,-35.67167635,1.232181841,0.2
20/07/201602:30:00,2.064279,-86.4,0.33,7.436,-40.8523604,-40.399524,0.8884909621,0
20/07/201603:00:00,2.480536,-86.8,0.33,8,-54.23960311,-54.53417828,1.080202386,0
20/07/201603:30:00,2.908604,-115,0.33,8,-21.28712341,-22.67690923,1.104394508,0
20/07/201604:00:00,4.521682,-50.93,0.33,7.239,-3.605328396,-3.065287164,1.241597566,0
20/07/201604:30:00,5.792735,-13.39,0.33,7.239,-1.937338778,-3.319036832,1.310844848,0
20/07/201605:00:00,4.629839,-11.76,0.33,7.655,-2.44117045,-3.730142347,1.244585523,0
20/07/201605:30:00,3.645069,-12.49,0.33,7.655,-4.154845598,-7.383175741,1.273083629,0
20/07/201606:00:00,3.913456,-17.98,0.329,7.647,-10.88712058,-15.26691643,1.291305662,0
20/07/201606:30:00,2.873714,-32.83,0.329,7.647,-0.6984862104,-3.324785996,0.7955502099,0
20/07/201607:00:00,3.146208,-10.73,0.329,7.191,7.604257253,-0.5569423294,1.384539623,0
20/07/201607:30:00,2.112685,0.679,0.329,7.191,36.75360104,26.2288255,1.184728948,0
20/07/201608:00:00,3.646134,58.46,0.329,7.593,44.535837,25.18523248,1.943387291,0
20/07/201608:30:00,3.171884,66.46,0.329,7.593,37.28701239,7.297231346,1.565693735,0
20/07/201609:00:00,1.753489,42,0.329,8.49,69.04220442,12.81909512,1.081788238,0
20/07/201609:30:00,3.64765,80.2,0.329,8.49,77.9405284,55.09035144,1.83048509,0
20/07/201610:00:00,4.312747,133.8,0.329,9.33,147.023599,90.56430099,2.006563517,0
20/07/201610:30:00,2.826619,240.6,0.329,9.33,167.0501317,115.7122612,1.689584399,0
20/07/201611:00:00,4.563566,290.6,0.328,11.22,153.2703938,147.5896335,1.862973534,0
20/07/201611:30:00,4.965199,315.2,0.328,11.22,220.2688782,218.8196554,2.101339983,0
20/07/201612:00:00,4.549127,467.4,0.328,13.6,213.5368533,244.8291184,2.245348482,0
20/07/201612:30:00,5.09256,490.7,0.328,13.6,206.0765383,198.3323569,2.163545665,0
20/07/201613:00:00,5.477507,442.7,0.327,17.13,211.4220156,237.5418283,2.461742541,0
20/07/201613:30:00,4.804602,488.5,0.327,17.13,139.1468758,117.5916027,2.159227401,0
20/07/201614:00:00,2.8796,291.8,0.327,17.9,191.6492696,131.8343944,1.705646403,0
20/07/201614:30:00,2.818964,358.3,0.327,17.9,264.2872379,306.5408622,1.691800113,0
20/07/201615:00:00,2.845401,613,0.326,18.13,203.4569393,139.6381365,1.452512901,0
20/07/201615:30:00,2.774866,384.4,0.326,18.13,79.53358736,19.63478628,1.483529245,0
20/07/201616:00:00,3.833821,131.9,0.325,18.71,170.150884,59.58541984,2.257707233,0
20/07/201616:30:00,2.760368,259.5,0.325,18.71,194.6133174,49.02888257,1.483800352,0
20/07/201617:00:00,2.654591,273.1,0.325,17.21,208.3259872,141.7558499,1.64930722,0
20/07/201617:30:00,2.176685,377.8,0.325,17.21,206.0656018,77.0308358,1.195234632,0
20/07/201618:00:00,2.103852,306.2,0.325,18.88,232.158697,87.07152631,1.285440515,0
20/07/201618:30:00,2.880774,339.4,0.325,18.88,170.7942155,114.6697935,1.682038667,0
20/07/201619:00:00,3.698241,302.7,0.324,16.84,85.83131594,31.87713515,2.155348122,0
20/07/201619:30:00,4.359481,131.6,0.324,16.84,12.03109667,-0.433458287,1.743094325,0
20/07/201620:00:00,4.633303,20.36,0.324,12.89,-1.387720869,-5.640836942,1.866994192,0
20/07/201620:30:00,5.051024,-1.533,0.324,12.89,16.04735343,9.587435388,1.865441001,0
20/07/201621:00:00,3.78414,28.81,0.323,10.85,-27.31331285,-25.06022609,1.882486868,0
20/07/201621:30:00,3.757227,-51.55,0.323,10.85,-44.13439179,-36.99304329,1.911923817,0
20/07/201622:00:00,2.419903,-82.5,0.323,9.55,-49.71972085,-35.27762769,1.560728766,0
20/07/201622:30:00,3.750058,-88.2,0.323,9.55,-47.24707604,-39.61670471,1.803590645,0
20/07/201623:00:00,3.007807,-91.5,0.323,8.3,-33.02029937,-56.614928,1.581581421,0
20/07/201623:30:00,4.511479,-95.4,0.323,8.3,-47.95448054,-40.43018768,1.693240889,0
21/07/201600:00:00,3.781496,-95.4,0.322,7.721,-45.89936639,-38.99981059,1.798079585,0
21/07/201600:30:00,4.063953,-92.7,0.322,7.721,-41.0424096,-35.67780005,1.795759209,0
21/07/201601:00:00,3.005743,-85.1,0.322,7.61,-39.81689341,-32.02048444,1.485406684,0
21/07/201601:30:00,1.936827,-80.4,0.322,7.61,-20.282757,-36.94320496,0.8882698336,0
21/07/201602:00:00,2.144646,-65.88,0.321,6.88,-28.3891192,-33.21345695,1.200942702,0
21/07/201602:30:00,1.893315,-70.37,0.321,6.88,-22.4085973,-28.0904393,0.9363620688,0
21/07/201603:00:00,3.29666,-59.51,0.321,6.741,-24.26100098,-29.50080492,1.668787228,0
21/07/201603:30:00,3.051726,-62.91,0.321,6.741,-43.21680192,-32.4053161,1.285990843,0
21/07/201604:00:00,4.455322,-84.6,0.321,6.969,-37.2295755,-36.35727585,1.759885655,0
21/07/201604:30:00,6.731503,-83.1,0.321,6.969,-33.99917173,-44.64683414,1.912304663,0
21/07/201605:00:00,6.022599,-89.4,0.321,6.627,-37.29611602,-46.49101787,1.676866133,0
21/07/201605:30:00,5.537061,-94.9,0.321,6.627,-34.35717751,-43.21098365,1.63921626,0
21/07/201606:00:00,5.436415,-88.9,0.321,6.603,-33.21160322,-39.79841097,1.610484234,0
21/07/201606:30:00,6.384424,-84.5,0.321,6.603,-29.03829655,-34.8061487,1.868117061,0
21/07/201607:00:00,6.130576,-75.45,0.32,6.23,-17.08398029,-21.94158531,1.657511654,0
21/07/201607:30:00,7.081235,-50.05,0.32,6.23,-7.238536049,-12.33862004,1.904006862,0
21/07/201608:00:00,6.930593,-28.92,0.32,7.059,-14.7071485,-19.29847472,1.733400945,0
21/07/201608:30:00,6.957191,-42.45,0.32,7.059,-11.91716907,-17.33136203,1.679497709,0
21/07/201609:00:00,5.842891,-38.13,0.32,7.021,140.2785609,73.75317362,1.671700213,0
21/07/201609:30:00,3.581221,205.9,0.32,7.021,199.6712099,170.9273634,1.524621505,0
21/07/201610:00:00,4.918099,366,0.319,9.18,209.9614039,230.1688903,1.844012548,0
21/07/201610:30:00,3.42462,440.1,0.319,9.18,257.4207978,234.5862316,1.467941682,0
21/07/201611:00:00,3.765214,505.7,0.319,14.86,266.8541975,246.014252,1.718201538,0
21/07/201611:30:00,3.902572,550.1,0.319,14.86,244.7999245,337.0055566,2.047958234,0
21/07/201612:00:00,4.499435,631.7,0.318,21.06,258.6238952,366.2553344,2.025371967,0
21/07/201612:30:00,3.261563,682.2,0.318,21.06,308.6610791,348.4930798,1.526360858,0
21/07/201613:00:00,3.982159,716.2,0.317,21.81,259.0552057,379.3642577,2.173111341,0
21/07/201613:30:00,3.73017,704.9,0.317,21.81,267.8574193,388.0093228,1.925731322,0
21/07/201614:00:00,3.269602,725.7,0.317,27.48,273.9854591,380.8502294,1.784446785,0
21/07/201614:30:00,4.500361,726.3,0.317,27.48,257.0146134,375.3615146,2.384479231,0
21/07/201615:00:00,2.946695,702.3,0.316,28.77,257.2723504,257.7815012,1.669911028,0
21/07/201615:30:00,2.519415,576.7,0.316,28.77,98.89095458,47.79387989,1.465002638,0
21/07/201616:00:00,1.47564,199.8,0.316,24.74,68.64679832,30.85190765,0.9004854175,0
21/07/201616:30:00,1.957087,141.4,0.316,24.74,148.0835208,51.80965904,1.146388662,0
21/07/201617:00:00,2.206926,236.7,0.316,18.84,180.032041,59.04113116,1.199015752,0
21/07/201617:30:00,1.339514,273.8,0.316,18.84,233.0520754,176.5874455,0.7994759201,0
21/07/201618:00:00,2.483386,436.8,0.315,20.02,221.1874815,161.8634155,1.171366529,0
21/07/201618:30:00,1.507493,403.8,0.315,20.02,192.5096593,138.1816853,0.908110519,0
21/07/201619:00:00,1.82844,348.7,0.315,18.16,152.5835671,112.0084546,1.010317073,0
21/07/201619:30:00,1.76134,279.8,0.315,18.16,106.1266757,45.59613804,0.9114614092,0
21/07/201620:00:00,1.751159,164.1,0.314,13.83,99.68802688,1.73357991,0.9522347183,0
21/07/201620:30:00,1.428166,111.5,0.314,13.83,25.00656328,11.41207825,0.8553855856,0
21/07/201621:00:00,2.982476,44,0.314,11.92,-37.21883276,-32.60532146,1.144865674,0
21/07/201621:30:00,2.093302,-64.8,0.314,11.92,-46.46230152,-58.12498748,0.7269192424,0
21/07/201622:00:00,2.530273,-102,0.314,10.38,-18.72363826,-90.80814161,0.8505390849,0
21/07/201622:30:00,3.208741,-108.9,0.314,10.38,-72.34143303,-38.63483772,0.9357196856,0
21/07/201623:00:00,1.79436,-112.3,0.314,8.94,-17.12453314,-84.12800834,0.668509008,0
21/07/201623:30:00,2.077632,-103.9,0.314,8.94,-17.34960032,-85.52963569,0.5903003968,0
22/07/201600:00:00,1.69341,-106.7,0.313,8.08,-16.63309286,-82.60788855,0.6208824292,0
22/07/201600:30:00,2.141724,-104.2,0.313,8.08,-16.7739648,-83.5353222,0.6418622057,0
22/07/201601:00:00,1.834783,-106.2,0.313,7.324,-60.01773025,-33.77024495,0.5129801154,0
22/07/201601:30:00,1.721116,-100.4,0.313,7.324,-50.90575283,-39.59096524,0.355694406,0
22/07/201602:00:00,1.489565,-97.8,0.313,6.879,-14.31505018,-72.96035609,0.4928102504,0
22/07/201602:30:00,0.4771569,-95.3,0.313,6.879,-12.69269362,-65.96140086,0.2706951611,0
22/07/201603:00:00,0.5320489,-87.4,0.313,6.316,-31.56326432,-44.12962768,0.2973076599,0
22/07/201603:30:00,0.7601751,-85.1,0.313,6.316,-41.06411625,-33.79762792,0.4490866282,0
22/07/201604:00:00,1.201814,-84.9,0.312,5.86,-34.37304393,-42.82830221,0.6422807731,0
22/07/201604:30:00,0.9920088,-87.8,0.312,5.86,-33.00575077,-41.82096288,0.4502446474,0
22/07/201605:00:00,0.9700618,-86.2,0.312,5.345,-11.23785749,-62.1084413,0.4738482867,0
22/07/201605:30:00,0.9592022,-85.5,0.312,5.345,-16.55088361,-56.47951275,0.3945185875,0
22/07/201606:00:00,0.8407632,-85.7,0.312,4.673,-34.24996691,-29.89047484,0.4191851187,0
22/07/201606:30:00,1.34025,-77.05,0.312,4.673,-32.29504011,-26.02543001,0.4197056751,0
22/07/201607:00:00,1.301698,-71.38,0.312,4.61,-14.29969757,-17.36467156,0.2775169467,0
22/07/201607:30:00,1.993932,-44.19,0.312,4.61,9.847437255,1.665654275,0.3873482059,0
22/07/201608:00:00,2.067649,1.423,0.312,5.538,16.49860392,3.469977775,0.4449405691,0
22/07/201608:30:00,2.890044,12.47,0.312,5.538,24.75113895,40.34566628,0.5187568259,0
22/07/201609:00:00,3.838799,58.78,0.311,6.697,155.3423145,15.16815464,0.5858945977,0
22/07/201609:30:00,3.057168,166.2,0.311,6.697,189.2395754,10.81698285,0.53482868,0
22/07/201610:00:00,3.802154,198.5,0.311,9.5,229.0854841,134.6198108,0.5315788235,0
22/07/201610:30:00,2.816106,366.1,0.311,9.5,240.9509204,157.8936954,0.5721821933,0
22/07/201611:00:00,2.321293,414.5,0.311,15.48,202.4039761,233.8406107,0.7392559735,0
22/07/201611:30:00,2.539756,474.5,0.311,15.48,219.7854731,265.6576402,0.7715761386,0
22/07/201612:00:00,2.763273,536.6,0.31,22.21,234.018044,276.3200378,0.969193682,0
22/07/201612:30:00,2.402295,571.1,0.31,22.21,228.8318402,237.1219275,1.036843741,0
22/07/201613:00:00,3.00633,525.7,0.309,23.44,238.299672,268.1347964,1.109545043,0
22/07/201613:30:00,2.934155,562.3,0.309,23.44,157.1179272,82.73173218,0.8370864756,0
22/07/201614:00:00,4.233536,296.7,0.309,27.43,93.04323711,4.185364245,0.9195730277,0
22/07/201614:30:00,4.567302,136.7,0.309,27.43,106.5812996,10.46679292,0.8496181661,0
22/07/201615:00:00,5.45214,148.5,0.308,18.91,69.56558289,16.09068761,1.194269702,0
22/07/201615:30:00,6.002403,113.8,0.308,18.91,38.53126118,0.1013948655,1.345992354,0
22/07/201616:00:00,4.159506,62.19,0.308,16.95,109.0730174,25.61610558,1.429300179,0
22/07/201616:30:00,2.564352,156.4,0.308,16.95,128.1419326,90.99443416,0.9765933808,0
22/07/201617:00:00,3.82352,243.2,0.308,16.11,185.105653,177.5796224,1.281768795,0
22/07/201617:30:00,3.667428,386.6,0.308,16.11,131.9032167,99.13943935,1.124714012,0
22/07/201618:00:00,3.352746,254.6,0.307,18.49,112.4900579,35.29815289,1.220752705,0
22/07/201618:30:00,2.740811,167.9,0.307,18.49,34.7005171,13.99858026,1.029739142,0
22/07/201619:00:00,3.476444,65.33,0.307,15.47,28.82744837,48.95647021,1.179866708,0
22/07/201619:30:00,2.900352,92.6,0.307,15.47,49.51424131,6.82499616,1.175221013,0
22/07/201620:00:00,4.693751,69.4,0.307,13.95,25.11585556,11.25223114,1.721084594,0
22/07/201620:30:00,4.012941,46.9,0.307,13.95,24.05039198,2.409778782,1.204918434,0
22/07/201621:00:00,2.849559,34.85,0.307,12.33,-6.988254186,-6.52750967,1.10666308,0
22/07/201621:30:00,2.215028,-6.792,0.307,12.33,-15.62030148,-19.40212481,1.193874195,0
22/07/201622:00:00,2.880938,-30.53,0.307,10.97,-17.95292451,-26.0264224,1.230295766,0
22/07/201622:30:00,3.873944,-41.51,0.307,10.97,-21.65344438,-28.99282313,1.30601715,0
22/07/201623:00:00,4.205083,-50.2,0.306,9.72,-19.27512614,-32.835213,1.322225657,0
22/07/201623:30:00,3.444182,-53.21,0.306,9.72,-18.51111825,-25.23453016,1.298939669,0
23/07/201600:00:00,2.541307,-45.41,0.306,9.09,-40.35882366,-18.58269291,1.032391375,0
23/07/201600:30:00,2.420658,-61.23,0.306,9.09,-25.48127657,-43.98532955,1.204575979,0
23/07/201601:00:00,2.396144,-73.36,0.306,8.27,-40.23066747,-30.40599834,1.15588724,0
23/07/201601:30:00,1.536622,-75.6,0.306,8.27,-38.37046186,-37.01514591,0.8462557257,0
23/07/201602:00:00,2.585603,-81.3,0.306,7.374,-40.31259854,-31.00474554,1.120682829,0
23/07/201602:30:00,4.38681,-78.48,0.306,7.374,-55.74090092,-22.16426737,1.446181461,0
23/07/201603:00:00,2.105316,-85.9,0.306,6.573,-39.39038006,-30.3584209,1.195235552,0
23/07/201603:30:00,4.122572,-78.13,0.306,6.573,-34.11583131,-26.92827893,1.397899637,0
23/07/201604:00:00,4.628937,-69.99,0.306,6.541,-33.80760358,-46.05100389,1.45358049,0
23/07/201604:30:00,3.499947,-89.3,0.306,6.541,-34.84856655,-27.290351,1.173299,0
23/07/201605:00:00,3.076603,-71.61,0.305,6.536,-23.98335711,-30.67160427,1.131508604,0
23/07/201605:30:00,3.249822,-63.79,0.305,6.536,-27.40809234,-47.68232157,1.198608326,0
23/07/201606:00:00,3.187086,-84.7,0.305,6.414,-25.51850285,-44.15247536,0.791543058,0
23/07/201606:30:00,2.390849,-80.2,0.305,6.414,-28.05082476,-24.81083502,0.8130725679,0
23/07/201607:00:00,2.341732,-63.45,0.305,5.613,0.1835210985,-2.445979715,0.8959864003,0
23/07/201607:30:00,2.918121,-12.05,0.305,5.613,8.982160879,2.615099048,1.153550769,0
23/07/201608:00:00,3.115997,3.874,0.305,6.931,75.51489706,15.93137639,1.259390306,0
23/07/201608:30:00,1.95945,85.9,0.305,6.931,46.90039462,9.515186226,0.8720018169,0
23/07/201609:00:00,3.772898,53.42,0.305,9.11,34.88692445,30.93858595,1.172030879,0
23/07/201609:30:00,3.689401,64.67,0.305,9.11,11.05423018,76.16056842,1.193138617,0
23/07/201610:00:00,3.703832,86.8,0.304,9.72,139.8944059,21.16737735,0.9529162228,0
23/07/201610:30:00,3.296714,163.4,0.304,9.72,83.13646218,41.63825331,1.031747175,0
23/07/201611:00:00,1.932469,128.8,0.304,11.54,92.70120799,73.9602926,1.006717705,0
23/07/201611:30:00,2.258194,175.6,0.304,11.54,101.0602358,37.95643699,0.9562969807,0
23/07/201612:00:00,2.445516,147.6,0.304,12.82,118.6581286,52.50825781,1.237032788,0
23/07/201612:30:00,3.372173,181.2,0.304,12.82,149.9287162,109.4066372,1.807769678,0
23/07/201613:00:00,3.214225,271.5,0.303,13.26,201.0051566,186.5534244,1.358718419,0
23/07/201613:30:00,4.277777,413.4,0.303,13.26,272.293789,321.0808038,1.729378135,0
23/07/201614:00:00,4.437179,628.5,0.303,18.04,266.4721804,348.8757691,1.605634073,0
23/07/201614:30:00,3.458308,665.5,0.303,18.04,287.8429748,281.999895,1.527524737,0
23/07/201615:00:00,3.407907,625.4,0.303,24.64,279.8376677,345.3811639,1.426458567,0
23/07/201615:30:00,4.873212,676.7,0.303,24.64,262.7173332,316.5179489,1.810842132,0
23/07/201616:00:00,5.067933,632.4,0.302,24.42,230.5843445,322.9160759,1.512252536,0
23/07/201616:30:00,3.952868,606.2,0.302,24.42,162.8782343,133.7770004,1.467952877,0
23/07/201617:00:00,3.204821,342.9,0.302,23.73,75.55154666,16.9943618,1.743743066,0
23/07/201617:30:00,4.278719,126.5,0.302,23.73,93.7298951,19.27820454,1.709617759,0
23/07/201618:00:00,2.43339,139.8,0.301,16.97,68.72226211,20.26444581,1.282359471,0
23/07/201618:30:00,3.285956,112.6,0.301,16.97,15.01223388,11.20705209,1.55889536,0
23/07/201619:00:00,1.974068,45.74,0.301,15.22,48.11797223,6.318399461,1.014249065,0
23/07/201619:30:00,2.546054,71.16,0.301,15.22,-21.04460759,-36.19745319,1.170577247,0
23/07/201620:00:00,1.600499,-42.55,0.301,13.67,-0.4218598527,-3.315874307,0.888178421,0
23/07/201620:30:00,4.117345,8.54,0.301,13.67,-20.85457197,-9.299444291,1.647106368,0
23/07/201621:00:00,4.159282,-21.38,0.301,11.86,-30.58459586,-23.62848746,1.540033562,0
23/07/201621:30:00,3.758997,-49.09,0.301,11.86,-19.70958983,-25.75081199,1.575847973,0
23/07/201622:00:00,2.575558,-42.31,0.301,9.82,-12.01940021,-27.41956802,1.02557731,0
23/07/201622:30:00,1.712637,-37.7,0.301,9.82,-12.2108757,-25.66913773,0.6450327513,0
23/07/201623:00:00,1.134341,-36.76,0.301,9.46,-19.78921097,-17.04026978,0.6106379824,0
23/07/201623:30:00,1.225287,-36.24,0.301,9.46,-18.14834376,-15.62849375,0.5829393089,0
24/07/201600:00:00,2.00015,-34.16,0.301,9.1,-21.51362907,-27.42644852,1.022630982,0
24/07/201600:30:00,1.542421,-50.53,0.301,9.1,-8.488186876,-55.52141131,0.5735413149,0
24/07/201601:00:00,1.559392,-67.16,0.301,8.25,-15.50564755,-46.26567334,0.5901441289,0
24/07/201601:30:00,2.578477,-66.07,0.301,8.25,-30.36566226,-52.78685021,0.9358770351,0
24/07/201602:00:00,2.548076,-89.1,0.301,6.96,-40.64693294,-41.96287216,0.8088924696,0
24/07/201602:30:00,2.493724,-90,0.301,6.96,-40.88587464,-39.78175422,0.8482691746,0
24/07/201603:00:00,2.792071,-89,0.3,6.074,-41.77622031,-41.19431742,1.03238397,0
24/07/201603:30:00,3.115517,-92,0.3,6.074,-39.23716097,-41.00396204,0.9298808764,0
24/07/201604:00:00,2.428918,-89.8,0.3,5.965,-25.62719733,-56.47274674,0.8384015164,0
24/07/201604:30:00,1.788723,-92.1,0.3,5.965,-33.45583154,-45.461758,0.7499465302,0
24/07/201605:00:00,1.931625,-89.2,0.3,5.773,-36.22070432,-36.43805857,1.059092586,0
24/07/201605:30:00,1.54265,-83.5,0.3,5.773,-23.60738353,-50.7043186,0.6731962791,0
24/07/201606:00:00,1.555056,-85.5,0.3,5.267,-35.92807355,-36.28362578,0.4635964489,0
24/07/201606:30:00,1.522718,-83.9,0.3,5.267,-32.37262711,-29.11965805,0.4774373877,0
24/07/201607:00:00,1.752552,-73.61,0.3,4.654,-17.61907522,-16.31556446,0.4953295283,0
24/07/201607:30:00,1.690082,-45.77,0.3,4.654,8.520488828,1.902740451,0.4613629616,0
24/07/201608:00:00,2.511508,0.982,0.299,5.292,36.19093242,23.63473459,0.5690095141,0
24/07/201608:30:00,3.25793,52.5,0.299,5.292,69.92683577,50.65922063,0.5818305126,0
24/07/201609:00:00,4.174966,114,0.299,6.758,102.0887288,85.6637982,0.5582098204,0
24/07/201609:30:00,4.630229,182,0.299,6.758,122.2131224,133.8937128,0.7185912391,0
24/07/201610:00:00,4.195066,251,0.299,8.94,151.4365441,176.634272,0.756288004,0
24/07/201610:30:00,3.933118,325.4,0.299,8.94,173.6805203,212.9490571,0.7644491292,0
24/07/201611:00:00,4.067553,400.6,0.299,14.88,184.2454792,237.3615112,0.8224689984,0
24/07/201611:30:00,3.7075,458.9,0.299,14.88,219.9575059,241.3598446,0.8647216299,0
24/07/201612:00:00,4.267155,511.1,0.298,21.66,225.2573712,257.5733761,0.9670073453,0
24/07/201612:30:00,4.441293,541.2,0.298,21.66,249.7105672,270.6373286,1.034633148,0
24/07/201613:00:00,3.623916,578.6,0.297,22.7,247.1946077,300.0781922,1.001217179,0
24/07/201613:30:00,2.937656,615,0.297,22.7,286.6939967,319.6388503,1.202053746,0
24/07/201614:00:00,2.866444,677.6,0.297,29.96,298.7861938,303.6682186,1.518516503,0
24/07/201614:30:00,2.091248,676.1,0.297,29.96,276.0967118,316.6189225,1.201532187,0
24/07/201615:00:00,1.85017,664.9,0.296,31.52,285.0857219,363.0591763,0.9577301254,0
24/07/201615:30:00,2.614926,713.8,0.296,31.52,251.5923963,364.9120766,1.45206265,0
24/07/201616:00:00,2.395055,685.4,0.295,28.16,206.440916,223.7664647,1.469583067,0
24/07/201616:30:00,1.995093,492.4,0.295,28.16,220.7646303,214.2487199,1.245479236,0
24/07/201617:00:00,3.230776,488.7,0.295,28.15,157.0109922,129.081835,1.857310763,0
24/07/201617:30:00,2.5726,333.4,0.295,28.15,172.8692451,110.7899635,1.513468944,0
24/07/201618:00:00,4.050197,320.8,0.295,24.73,135.0744616,141.5002953,2.034499262,0
24/07/201618:30:00,4.081558,306.2,0.295,24.73,77.65943948,1.275243483,1.642653911,0
24/07/201619:00:00,4.583184,103.2,0.294,20.25,60.7459273,-1.54829223,1.896241421,0
24/07/201619:30:00,3.600991,78.81,0.294,20.25,20.83608651,-2.133029594,1.430359291,0
24/07/201620:00:00,3.545779,34.94,0.294,15.37,61.5410581,-3.348693492,1.600569362,0
24/07/201620:30:00,2.487464,72,0.294,15.37,30.69517019,6.836305952,1.382025893,0
24/07/201621:00:00,2.480388,49.97,0.294,14.01,-33.58401087,-27.37801137,1.446609386,0
24/07/201621:30:00,2.286379,-49.98,0.294,14.01,-53.33541031,-30.99795852,1.141151983,0
24/07/201622:00:00,1.394385,-76.41,0.294,12.63,-46.56513262,-46.06957355,0.6910697876,0
24/07/201622:30:00,1.239361,-87.1,0.294,12.63,-50.01428441,-41.47740926,0.688317638,0
24/07/201623:00:00,1.028755,-88.2,0.294,10.53,-34.98857716,-52.25531456,0.3920572276,0
24/07/201623:30:00,1.288146,-85.7,0.294,10.53,-45.71632601,-44.61280402,0.5794347004,0
28/07/201600:00:00,1.920285,-77.99,0.297,7.998,-16.53598317,-53.51982392,0.4122360524,0
28/07/201600:30:00,1.875997,-76.22,0.297,7.998,-25.18454971,-47.44670044,0.2916315833,0
28/07/201601:00:00,1.106758,-79.49,0.297,7.539,-29.61942274,-34.76196982,0.3160676365,0
28/07/201601:30:00,0.5574391,-71.79,0.297,7.539,-6.95422977,-54.21624508,0.2796166751,0
28/07/201602:00:00,0.5308766,-69.1,0.296,7.262,-21.97158799,-36.40290707,0.2702484082,0
28/07/201602:30:00,0.7664269,-66.7,0.296,7.262,-24.50229224,-40.50639878,0.2875467983,0
28/07/201603:00:00,1.077065,-73.71,0.295,6.981,-23.62320677,-39.71419885,0.2222889472,0
28/07/201603:30:00,0.6468413,-72.52,0.295,6.981,-12.51831006,-48.40707824,0.3429260293,0
28/07/201604:00:00,1.296557,-70.57,0.295,6.509,-26.28617596,-34.42382326,0.3933612596,0
28/07/201604:30:00,1.375157,-70.73,0.295,6.509,-32.2010997,-32.55153349,0.2699663095,0
28/07/201605:00:00,0.9592753,-75.2,0.294,6.204,-38.03542083,-23.1291947,0.3281563705,0
28/07/201605:30:00,1.225832,-71.9,0.294,6.204,-18.68831461,-32.04138949,0.3332733338,0
28/07/201606:00:00,2.033824,-61.54,0.294,6.034,-37.84067094,-20.30869624,0.3877918279,0
28/07/201606:30:00,2.238566,-69,0.294,6.034,-33.54869562,-25.10999771,0.4763674116,0
28/07/201607:00:00,2.249763,-69.59,0.293,6.096,-17.96952042,-14.99245785,0.4496940385,0
28/07/201607:30:00,1.901438,-43.53,0.293,6.096,6.428152343,3.496860085,0.441020689,0
28/07/201608:00:00,2.539075,1.763,0.293,6.595,78.88799809,7.478744771,0.540972309,0
28/07/201608:30:00,2.18425,81.1,0.293,6.595,91.95752471,4.911716194,0.5119596553,0
28/07/201609:00:00,1.695754,95.2,0.293,8.38,38.54895908,20.39032055,0.431919859,0
28/07/201609:30:00,1.661443,59.63,0.293,8.38,129.0478332,49.92192669,0.3503056212,0
28/07/201610:00:00,1.474093,179.2,0.292,10.06,42.0364206,16.28115956,0.3498942654,0
28/07/201610:30:00,1.264919,59.41,0.292,10.06,126.7005379,75.85375846,0.3395684546,0
28/07/201611:00:00,1.379886,210,0.292,10.8,181.2044591,71.84787309,0.3643758514,0
28/07/201611:30:00,1.408181,267.8,0.292,10.8,211.3452452,220.2506038,0.6522497957,0
28/07/201612:00:00,1.411576,460.2,0.292,15.24,207.9741474,135.5302003,0.4935809182,0
28/07/201612:30:00,2.366622,379.6,0.292,15.24,255.0053267,152.8294697,0.5930082952,0
28/07/201613:00:00,1.953574,446.4,0.291,18.98,101.7648944,42.14422151,0.5037102734,0
28/07/201613:30:00,1.58781,181.8,0.291,18.98,132.4042855,33.57883935,0.6160510657,1
28/07/201614:00:00,1.076131,195.9,0.29,18.19,166.8897558,126.6698206,0.6895841626,0
28/07/201614:30:00,1.958469,328.6,0.29,18.19,319.1983261,342.4009394,0.8624719339,0
28/07/201615:00:00,3.718779,718.3,0.291,20.94,406.2182268,235.6318897,0.8618626851,0
28/07/201615:30:00,4.765481,698.5,0.291,20.94,286.6313847,166.5713924,0.8189597927,0
28/07/201616:00:00,4.02279,511,0.29,23.48,157.390161,48.8334545,0.6296807102,0
28/07/201616:30:00,2.517835,252.3,0.29,23.48,14.75322276,-0.9089112436,0.6217991539,0.9
28/07/201617:00:00,4.12362,49.16,0.291,21.29,-164.4969106,-71.93075452,1.526677713,4.4
28/07/201617:30:00,4.024985,-211.1,0.291,21.29,168.4673457,34.92453434,1.074001473,0
28/07/201618:00:00,1.795841,221.7,0.366,12.82,208.3557901,162.3509704,0.4837942424,0
28/07/201618:30:00,0.8914828,391.3,0.366,12.82,114.4664153,32.979662,0.5382256537,0
28/07/201619:00:00,0.9739305,165.5,0.342,16.87,71.50280063,167.5051612,0.4166302408,0
28/07/201619:30:00,3.638233,256.1,0.342,16.87,75.297681,24.1005119,1.773137181,0
28/07/201620:00:00,2.55017,115,0.333,15.01,32.33921831,18.36010385,0.9637281251,0
28/07/201620:30:00,3.433937,63.33,0.333,15.01,9.235718942,0.6376503535,0.7777565658,0
28/07/201621:00:00,2.845095,19.58,0.329,12.91,-18.69006653,-12.95630742,0.6688974128,0
28/07/201621:30:00,2.801211,-23.84,0.329,12.91,-12.65409913,-15.96068133,0.6930025618,0
28/07/201622:00:00,2.175843,-22.76,0.326,11.83,-21.24820044,-39.49644939,0.5743254022,0
28/07/201622:30:00,2.715051,-56.28,0.326,11.83,-39.86801562,-59.36846547,0.8926813364,0
28/07/201623:00:00,3.930641,-96.3,0.324,11.24,-21.6693981,-26.74616233,1.599092339,0
28/07/201623:30:00,2.505659,-47.04,0.324,11.24,-18.29842719,-35.51215188,0.6646384296,0
29/07/201600:00:00,1.668599,-53.99,0.323,10.12,-62.78350431,-15.21360118,0.6997415185,0
29/07/201600:30:00,2.266495,-79.67,0.323,10.12,-44.10416745,-36.87207369,0.6627140747,0
29/07/201601:00:00,1.115982,-84.8,0.321,8.9,-22.45697194,-47.75682583,0.2380318195,0
29/07/201601:30:00,1.326325,-75.58,0.321,8.9,-32.21955133,-39.17156929,0.3773744537,0
29/07/201602:00:00,1.779219,-77.92,0.32,7.864,-42.6566481,-30.07580886,0.3362725881,0
29/07/201602:30:00,1.780214,-80.2,0.32,7.864,-33.31925328,-38.41967333,0.4061058987,0
29/07/201603:00:00,1.88936,-79.98,0.319,7.377,-33.13455412,-41.76011499,0.3913401358,0
29/07/201603:30:00,1.500766,-83.9,0.319,7.377,-35.34215902,-38.72837825,0.3606014594,0
29/07/201604:00:00,1.531069,-83.7,0.318,6.946,-13.63548998,-59.84024947,0.3423500515,0
29/07/201604:30:00,1.437506,-83.6,0.318,6.946,-8.320269646,-65.68043118,0.3348728529,0
29/07/201605:00:00,1.563379,-84.6,0.317,6.634,-17.82876659,-55.76766416,0.3819055615,0
29/07/201605:30:00,1.579369,-84.6,0.317,6.634,-33.11391728,-37.71473919,0.3827965462,0
29/07/201606:00:00,1.35237,-82.2,0.317,6.322,-27.65162251,-43.2270552,0.2836349106,0
29/07/201606:30:00,1.502564,-82.6,0.317,6.322,-28.96935143,-36.52916652,0.3231311994,0
29/07/201607:00:00,1.523266,-77.38,0.316,6.036,-21.05129249,-21.47212362,0.337560927,0
29/07/201607:30:00,1.145687,-54.12,0.316,6.036,0,0,0.3447244543,0
29/07/201608:00:00,1.674963,-6.656,0.315,6.565,42.74920608,10.68544412,0.3975316627,0
29/07/201608:30:00,2.087218,46.42,0.315,6.565,88.97502185,27.62612347,0.4095435494,0.1
29/07/201609:00:00,2.359931,110.8,0.314,7.657,124.4348283,60.06602889,0.4334733948,0.1
29/07/201609:30:00,2.453191,180.1,0.314,7.657,169.7799123,92.16904268,0.4626252631,0
29/07/201610:00:00,1.885053,258.7,0.313,9.59,214.9593702,127.7602352,0.3858162453,0
29/07/201610:30:00,2.021839,342.1,0.313,9.59,206.0003278,174.1477435,0.5395866864,0
29/07/201611:00:00,3.464996,400.3,0.313,14.63,254.2532633,154.1157001,0.6557661046,0
29/07/201611:30:00,3.93399,450.9,0.313,14.63,261.5988806,176.1920456,0.626825921,0
29/07/201612:00:00,2.805746,492.2,0.312,20.16,202.0225489,35.31213609,0.8080133361,0
29/07/201612:30:00,1.430257,287.8,0.312,20.16,215.5042528,169.7890596,0.8695443442,0
29/07/201613:00:00,2.843194,430.4,0.311,18.29,157.9110828,65.17100376,1.077357808,0
29/07/201613:30:00,1.605897,270.7,0.311,18.29,178.5478724,173.0401145,0.9974874793,0
29/07/201614:00:00,1.994357,396,0.31,20.45,214.1701605,47.77604871,0.770421018,0
29/07/201614:30:00,2.741642,306,0.31,20.45,319.6236134,159.2408849,1.272942669,0
29/07/201615:00:00,2.517048,526,0.309,21.58,344.9873962,330.7808402,1.443569615,0
29/07/201615:30:00,1.230119,728.6,0.309,21.58,229.673906,149.460903,0.7931126055,0
29/07/201616:00:00,1.855333,434.4,0.308,24.16,256.547039,106.5141646,0.9953991254,0
29/07/201616:30:00,2.094484,412,0.308,24.16,240.944697,139.0536947,1.046738492,0
29/07/201617:00:00,2.286673,428,0.307,24.29,198.8605236,87.23343576,1.132244958,0
29/07/201617:30:00,1.400245,329.1,0.307,24.29,254.3472949,68.67764023,0.7072218776,0
29/07/201618:00:00,1.520497,358.6,0.305,23.7,167.2848065,34.27867326,0.7562386821,0
29/07/201618:30:00,2.327839,230.9,0.305,23.7,157.4215145,67.99529802,1.071337164,0
29/07/201619:00:00,3.169292,250,0.305,20.61,140.7685599,16.68931568,1.097299196,0
29/07/201619:30:00,3.581644,178.6,0.305,20.61,144.2190602,25.98850842,1.201933673,0
29/07/201620:00:00,1.979272,189.6,0.304,17.11,39.40528204,6.877559197,0.9819282797,0
29/07/201620:30:00,3.423587,63.12,0.304,17.11,-22.60914576,-24.46284872,1.43264547,0
29/07/201621:00:00,1.640837,-34.08,0.303,15.18,-32.79843399,-27.52880805,0.8423303229,0
29/07/201621:30:00,1.44268,-49.52,0.303,15.18,-53.713415,-35.10125415,0.7716459125,0
29/07/201622:00:00,2.033951,-80.6,0.303,13.09,-26.60357424,-61.28939199,0.9355654286,0
29/07/201622:30:00,1.851159,-82.3,0.303,13.09,-44.32910136,-51.70824247,0.5600859765,0
29/07/201623:00:00,2.512578,-92.6,0.302,11.38,-33.2173772,-53.49943219,0.8899469067,0
29/07/201623:30:00,2.698067,-85,0.302,11.38,-39.89280735,-34.8282604,0.7100194004,0
3/08/16 00:00:00,3.492954,-43.89,0.336,8.94,-9.357326806,-13.73108971,1.421771445,0
3/08/16 00:30:00,3.602163,-28.33,0.336,8.94,-2.59049072,-2.298580624,1.193723937,0
3/08/16 01:00:00,5.833981,-10.22,0.334,8.64,0.3259148111,1.582271782,1.333770907,0
3/08/16 01:30:00,5.685179,-3.709,0.334,8.64,-2.24970034,-2.037584043,1.487990983,0
3/08/16 02:00:00,4.421372,-10.38,0.326,8.66,-4.873967077,-5.90227057,1.186380482,0
3/08/16 02:30:00,4.150345,-17.29,0.326,8.66,-8.362281875,-13.08026732,1.107737293,0
3/08/16 03:00:00,3.45368,-28.31,0.323,8.34,-4.738712087,-4.233610483,0.8611056137,0
3/08/16 03:30:00,3.494896,-16.2,0.323,8.34,-8.704704431,-8.085048508,0.7523141813,0.3
3/08/16 04:00:00,2.781591,-24.37,0.321,8,-13.63195653,-10.74843276,0.7770181067,0
3/08/16 04:30:00,2.964218,-33,0.321,8,-4.383050271,-11.22756297,0.5158445842,0
3/08/16 05:00:00,2.604968,-24.67,0.321,7.161,-10.42216461,-19.30117502,0.6701367365,0
3/08/16 05:30:00,1.83545,-38.9,0.321,7.161,-28.21424915,-58.83318006,0.7243767203,0
3/08/16 06:00:00,2.092244,-96.4,0.321,7.193,-44.14973102,-78.04064851,0.5467318858,0
3/08/16 06:30:00,1.482348,-132.1,0.321,7.193,-50.55654568,-18.81973451,0.3942012351,0
3/08/16 07:00:00,1.146617,-80.4,0.32,6.642,-18.68009819,-25.27518393,0.5746649887,0
3/08/16 07:30:00,1.054145,-55.84,0.32,6.642,0,0,0.4459986005,0
3/08/16 08:00:00,1.384649,-12.28,0.319,5.913,18.5226877,8.964399275,0.7473568438,0
3/08/16 08:30:00,0.8560067,17.23,0.319,5.913,38.37498341,8.791434043,0.47840406,0
3/08/16 09:00:00,1.005929,38.77,0.318,7.161,68.96305455,15.2133022,0.3966115701,0
3/08/16 09:30:00,1.175227,78.01,0.318,7.161,47.22193965,43.27723749,0.4842665272,0
3/08/16 10:00:00,1.210829,86.7,0.317,8.58,86.34866657,7.212249389,0.3686510161,0
3/08/16 10:30:00,1.109198,90.7,0.317,8.58,112.1915505,26.13455633,0.620426393,0
3/08/16 11:00:00,0.7819489,137.1,0.316,9.17,122.604507,73.11663837,0.3267849536,0
3/08/16 11:30:00,1.091844,197.5,0.316,9.17,110.7044874,45.60876457,0.4810185707,0
3/08/16 12:00:00,2.846238,160.6,0.315,11.15,107.4277629,52.05405103,0.7735882822,0
3/08/16 12:30:00,3.369449,164.9,0.315,11.15,200.4434179,13.67710496,0.896683548,0
3/08/16 13:00:00,2.741055,220.5,0.314,11.59,148.9553362,5.371269072,1.174833879,0
3/08/16 13:30:00,1.08758,163.9,0.314,11.59,43.73243803,46.69663514,0.56761037,0
3/08/16 14:00:00,1.405108,97.5,0.313,12.18,85.8547736,58.5110496,0.7897065409,0
3/08/16 14:30:00,1.344864,151.4,0.313,12.18,121.6835106,23.61030718,0.790711771,0
3/08/16 15:00:00,1.937692,153.2,0.312,12.03,100.9320187,25.91234248,0.7091075486,0
3/08/16 15:30:00,1.243513,134.8,0.312,12.03,154.5464259,23.76556331,0.6916969979,0
3/08/16 16:00:00,0.9791424,187.4,0.311,12.01,95.07339591,92.14034113,0.4275797417,0
3/08/16 16:30:00,0.9770395,197.8,0.311,12.01,99.84900231,75.38466553,0.534601161,0
3/08/16 17:00:00,0.9926757,186.4,0.31,13.22,95.65022192,59.9844694,0.5748359774,0
3/08/16 17:30:00,1.052359,167.6,0.31,13.22,126.4616961,110.6459011,0.4486906526,0
3/08/16 18:00:00,0.8979416,250,0.309,13.44,102.7367286,67.40623052,0.4753324995,0
3/08/16 18:30:00,1.238958,183.6,0.309,13.44,61.25312102,14.06577164,0.6010148029,0
3/08/16 19:00:00,1.108241,87.3,0.308,14.04,42.70818403,8.06913075,0.4550521113,0
3/08/16 19:30:00,1.513315,61.56,0.308,14.04,17.10977712,8.544949785,0.4545947558,0
3/08/16 20:00:00,1.604312,35.31,0.307,12.76,-15.21951641,-19.41163691,0.6541917087,0
3/08/16 20:30:00,1.795506,-27.21,0.307,12.76,-18.24324001,-35.54402252,0.7318322215,0
3/08/16 21:00:00,1.755368,-50.12,0.307,10.85,-20.94376368,-27.57263406,0.6595931357,0
3/08/16 21:30:00,2.674154,-47.91,0.307,10.85,-21.39748682,-45.33657645,0.8372708069,0
3/08/16 22:00:00,2.937697,-68.38,0.306,8.62,-23.35870354,-46.4361855,0.8667464844,0
3/08/16 22:30:00,2.343646,-73.66,0.306,8.62,-8.353657055,-70.62174117,0.7963579941,0
3/08/16 23:00:00,2.682156,-84.6,0.305,7.333,-29.83378831,-50.69200146,0.9620032095,0
3/08/16 23:30:00,2.581711,-87.7,0.305,7.333,-33.54244915,-50.20204496,0.9051299654,0
4/08/16 00:00:00,2.349576,-92.1,0.304,6.553,-6.095660119,-65.83717485,0.9275141324,0
4/08/16 00:30:00,1.651007,-81.2,0.304,6.553,-21.45980222,-53.42904824,0.5178291549,0
4/08/16 01:00:00,3.065274,-85.1,0.304,6.019,-19.62938985,-48.37972009,0.9427661535,0
4/08/16 01:30:00,2.36239,-79.17,0.304,6.019,-20.45319125,-49.64124635,0.912562596,0
4/08/16 02:00:00,2.687411,-81.9,0.303,5.484,-5.919748621,-64.90264496,0.9031514359,0
4/08/16 02:30:00,2.733382,-83,0.303,5.484,-23.77373272,-50.40717858,0.8859705161,0
4/08/16 03:00:00,2.478112,-86.6,0.303,5.535,-19.80357106,-49.6243588,0.6875929824,0
4/08/16 03:30:00,2.86246,-82.1,0.303,5.535,-21.14981346,-41.44564594,0.744423323,0
4/08/16 04:00:00,3.425774,-75.67,0.302,5.216,-11.79030708,-28.45651072,0.7240111991,0
4/08/16 04:30:00,2.854527,-53.39,0.302,5.216,-5.556297154,-17.76901949,0.707341247,0
4/08/16 05:00:00,2.990535,-35.63,0.302,5.4,-4.972099031,-10.33610302,0.6621488982,0
4/08/16 05:30:00,3.034559,-26.47,0.302,5.4,-3.064265941,-6.372636949,0.7380373441,0
4/08/16 06:00:00,2.776797,-19.72,0.302,6.24,-6.57911079,-6.196060235,0.7857684213,0
4/08/16 06:30:00,2.698192,-22.55,0.302,6.24,-12.99408954,-33.79689692,0.7543917317,0
4/08/16 07:00:00,3.845934,-56.83,0.301,6.393,-6.417827922,-16.15617885,0.9287236408,0
4/08/16 07:30:00,3.083683,-33.25,0.301,6.393,15.90100811,11.46850855,0.7588200356,0
4/08/16 08:00:00,4.174955,17.62,0.301,5.773,53.85881078,29.24193759,0.7446122401,0
4/08/16 08:30:00,3.059413,75.23,0.301,5.773,36.79719811,15.77772876,0.587975111,0
4/08/16 09:00:00,2.757849,46.56,0.3,7.089,71.31492651,38.04033585,0.6396525129,0
4/08/16 09:30:00,3.431354,104.9,0.3,7.089,110.1685275,178.5734657,0.7979204794,0
4/08/16 10:00:00,4.68443,287,0.3,8.34,170.6553299,158.9722926,0.7790492245,0
4/08/16 10:30:00,4.159601,330.2,0.3,8.34,314.9910033,89.97578601,0.7601893379,0
4/08/16 11:00:00,3.602087,425,0.3,12.33,255.7691344,201.9927311,0.7878216914,0
4/08/16 11:30:00,3.012097,498,0.3,12.33,224.0701205,212.7347021,0.75730787,0
4/08/16 12:00:00,1.503284,485.6,0.299,19.11,152.2433664,168.6918807,0.6693471557,0
4/08/16 12:30:00,1.738128,362.5,0.299,19.11,212.1395159,115.65438,0.6982524396,0
4/08/16 13:00:00,1.407891,366.5,0.298,18.08,140.937424,108.7830129,0.6340711797,0
4/08/16 13:30:00,1.697573,283.3,0.298,18.08,242.6533684,269.5009751,0.7508956871,0
4/08/16 14:00:00,2.04202,554.5,0.297,18.46,265.9500471,139.5523556,0.8619236664,0
4/08/16 14:30:00,2.355565,455.9,0.297,18.46,80.99880293,41.4073369,0.7600323235,0
4/08/16 15:00:00,2.562824,158.6,0.296,20.88,320.7005173,301.5957099,0.8378753591,0
4/08/16 15:30:00,2.319847,660.5,0.296,20.88,165.3656404,73.87764687,0.919441652,0
4/08/16 16:00:00,1.679404,278.9,0.296,21.21,280.8227494,204.2456449,0.8233479469,0
4/08/16 16:30:00,1.888528,523.2,0.296,21.21,244.9584096,165.6895788,0.9779637688,0
4/08/16 17:00:00,2.516858,450.8,0.295,22.19,79.18336588,13.06831282,0.8729309264,0
4/08/16 17:30:00,2.223237,124.2,0.295,22.19,108.2818853,20.27031038,0.8240232712,0
4/08/16 18:00:00,1.922789,155.1,0.293,17.58,136.6965241,98.30039919,0.7998071255,0
4/08/16 18:30:00,1.79061,259.3,0.293,17.58,115.7474167,37.38832176,0.6503239753,0
4/08/16 19:00:00,1.97565,175,0.292,17.11,148.1049352,35.43544178,0.7139716715,0
4/08/16 19:30:00,1.830639,203,0.292,17.11,37.98502158,10.48144285,0.6467903681,0
4/08/16 20:00:00,0.9750202,65.83,0.292,15.55,17.54812355,1.110627165,0.4087988329,0
4/08/16 20:30:00,1.111017,33.32,0.292,15.55,-11.41864676,-44.39452968,0.5524842429,0
4/08/16 21:00:00,0.6183254,-44.64,0.291,13.61,-42.88391909,-30.97736365,0.2769898247,0
4/08/16 21:30:00,1.187038,-66.44,0.291,13.61,-27.14422653,-55.3845525,0.6961776764,0
4/08/16 22:00:00,2.723125,-78.11,0.291,10.42,-42.4414561,-44.77137633,0.3210480398,0
4/08/16 22:30:00,2.482075,-85.4,0.291,10.42,-46.71534233,-38.18637912,0.4005165113,0
4/08/16 23:00:00,2.649024,-85.1,0.29,8.8,-49.54914373,-42.78354179,0.3617328277,0
4/08/16 23:30:00,1.437228,-94.2,0.29,8.8,-26.06237109,-54.21031604,0.4331366427,0