Time,H,LE,ws,TKE,VWC,rad
7/01/17 01:00:00,-20.7113,3.92655,2.93572,0.924562,0.23,-52.4733
7/01/17 01:30:00,-30.2767,8.90587,3.43714,0.613497,0.23,-49.2102
7/01/17 02:00:00,-25.3865,5.6482,3.03481,0.373899,0.23,-52.42809
7/01/17 02:30:00,-29.907,7.5122,2.96449,0.523595,0.229,-52.81316
7/01/17 03:00:00,-26.7604,5.99897,2.14672,0.558417,0.229,-43.4124
7/01/17 03:30:00,-20.0193,6.56916,2.15739,0.38916,0.229,-39.82882
7/01/17 04:00:00,-17.8213,4.46565,1.88817,0.377867,0.229,-39.17372
7/01/17 04:30:00,-26.0555,6.71144,2.20462,0.690558,0.229,-36.75005
7/01/17 05:00:00,-10.6302,2.75161,1.02252,0.434808,0.228,-40.5668
7/01/17 05:30:00,-9.72418,1.13934,1.3569,0.303734,0.228,-58.33545
7/01/17 06:00:00,-23.0542,2.25053,1.93197,0.677211,0.228,-54.80199
7/01/17 07:00:00,-4.69718,5.39851,0.837147,0.229858,0.228,34.12907
7/01/17 08:00:00,13.3348,24.793,1.97358,0.637765,0.227,154.2451
7/01/17 08:30:00,53.3394,41.4499,2.89545,1.16193,0.227,227.3602
7/01/17 09:00:00,73.5379,84.4157,3.13246,1.57278,0.227,292.8045
7/01/17 09:30:00,109.328,98.1616,4.37043,1.67271,0.227,318.0737
7/01/17 10:00:00,91.8966,85.0397,2.75436,1.90321,0.227,467.8203
7/01/17 10:30:00,135.982,129.845,1.53309,1.28871,0.228,363.8765
7/01/17 11:00:00,84.5137,83.2025,2.26362,1.36423,0.228,502.2781
7/01/17 11:30:00,101.693,105.232,1.72618,2.06745,0.229,478.284
7/01/17 12:00:00,166.184,181.26,2.12811,3.30143,0.229,614.9337
7/01/17 12:30:00,179.3,147.13,1.08038,4.37095,0.229,460.3268
7/01/17 13:00:00,142.911,145.153,1.30211,2.61231,0.23,263.0854
7/01/17 13:30:00,108.358,126.683,1.45898,2.60174,0.23,463.6563
7/01/17 14:00:00,66.4418,84.494,0.754977,1.78984,0.23,261.4431
7/01/17 14:30:00,99.7065,130.458,0.366888,1.50699,0.23,287.6371
7/01/17 15:00:00,59.326,76.1097,3.36661,4.04577,0.231,180.1308
7/01/17 15:30:00,192.797,146.824,5.26958,6.06613,0.23,690.6232
7/01/17 16:00:00,199.232,158.397,1.68632,3.42059,0.23,534.3132
7/01/17 18:00:00,63.1438,201.042,2.57283,0.614855,0.233,116.5987
7/01/17 18:30:00,11.5017,46.3525,1.65496,2.35168,0.232,66.43715
7/01/17 19:00:00,16.4156,33.1692,1.44155,1.36582,0.232,43.33794
7/01/17 19:30:00,17.7407,47.9543,4.38042,1.93743,0.232,58.36865
7/01/17 20:30:00,-3.53423,20.6875,0.850227,0.797581,0.231,-7.186641
7/01/17 21:00:00,-14.3832,179.355,1.15688,1.21504,0.23,-3.78918
7/01/17 21:30:00,-7.85807,24.3427,2.06859,0.416763,0.23,-18.6067
7/02/17 01:30:00,-17.5938,2.66069,1.23714,0.781325,0.232,-73.34135
7/02/17 02:00:00,-51.1956,17.8151,3.19771,1.22635,0.232,-81.01437
7/02/17 02:30:00,-66.911,37.2912,5.20056,1.18277,0.232,-81.89168
7/02/17 03:00:00,-63.3818,25.3283,4.24119,2.71468,0.232,-81.31724
7/02/17 03:30:00,-18.0225,-17.3781,0.570341,0.875587,0.231,-75.51263
7/02/17 05:00:00,-59.3846,21.7582,3.78378,1.80075,0.231,-77.72341
7/02/17 05:30:00,-41.0348,10.4809,3.1317,1.92452,0.23,-75.07236
7/02/17 06:00:00,-56.0652,21.5424,3.27102,1.79176,0.23,-67.80067
7/02/17 06:30:00,-38.4838,14.3727,2.60195,1.74609,0.23,-15.95498
7/02/17 07:00:00,-43.6151,27.8712,3.3051,2.06767,0.23,35.04535
7/02/17 07:30:00,-36.8637,46.7775,4.63059,1.95151,0.229,96.07333
7/02/17 08:00:00,-14.1957,57.9982,2.99051,2.27623,0.229,155.9193
7/02/17 09:00:00,25.1387,74.4469,2.28676,2.56895,0.229,294.411
7/02/17 10:00:00,68.521,195.025,1.23661,2.41604,0.229,422.2667
7/02/17 10:30:00,73.9291,138.933,0.695431,1.97656,0.23,471.4996
7/02/17 11:00:00,102.991,177.624,1.32737,1.56479,0.23,519.5011
7/02/17 11:30:00,106.874,157.174,2.96227,1.9281,0.231,510.4282
7/02/17 12:00:00,155.161,220.468,2.85948,2.82439,0.231,692.2505
7/02/17 12:30:00,139.956,228.171,2.85836,2.91331,0.232,758.731
7/02/17 13:00:00,183.897,236.141,2.54715,2.07625,0.233,824.326
7/02/17 13:30:00,145.545,194.341,2.21136,3.06383,0.234,370.1389
7/02/17 14:00:00,175.861,230.566,2.64056,3.45521,0.234,730.6715
7/02/17 14:30:00,174.034,199.958,0.873433,3.87533,0.234,686.9283
7/02/17 15:00:00,246.368,293.338,2.24599,5.11496,0.234,635.8835
7/02/17 16:00:00,114.527,156.679,1.32935,4.37354,0.235,206.9468
7/02/17 16:30:00,130.222,161.08,0.903963,5.03605,0.235,423.965
7/02/17 17:00:00,115.798,154.003,0.83356,2.03553,0.235,480.1148
7/02/17 17:30:00,85.0967,117.627,1.69095,2.22721,0.235,401.3591
7/02/17 18:00:00,74.5396,128.187,3.49378,4.12528,0.234,167.3997
7/02/17 18:30:00,30.0544,78.0314,4.87803,3.33779,0.234,134.3658
7/02/17 19:00:00,59.3829,89.8865,2.40921,3.92962,0.233,159.5669
7/02/17 19:30:00,33.8034,56.1336,2.29444,3.01169,0.233,40.26011
7/02/17 20:00:00,-11.1299,49.4556,4.91507,3.23477,0.232,29.66358
7/02/17 20:30:00,-21.9813,40.0193,3.54352,3.53088,0.231,0.023708
7/02/17 21:00:00,-17.1038,53.1776,4.85727,4.30276,0.231,48.07334
7/02/17 21:30:00,-34.6574,47.4903,3.8566,3.91151,0.23,-40.66552
7/02/17 22:00:00,-45.4085,24.229,2.76905,4.70537,0.229,-74.88011
7/02/17 22:30:00,-41.5097,16.5346,3.66357,3.65383,0.229,-80.89098
7/02/17 23:00:00,-56.6433,24.3985,4.07235,3.0862,0.228,-81.66623
7/02/17 23:30:00,-54.0217,14.2486,1.45919,1.69679,0.228,-74.36002
7/03/17 00:00:00,-49.5799,17.5726,2.90825,3.33622,0.227,-74.45969
7/03/17 01:00:00,-58.9606,23.016,3.55823,2.60913,0.226,-78.51442
7/03/17 01:30:00,-55.3058,24.6328,4.5784,2.85254,0.226,-78.26519
7/03/17 02:00:00,-52.9262,19.7322,4.1355,3.36852,0.226,-79.96554
7/03/17 02:30:00,-53.732,18.5709,3.61113,4.68542,0.225,-80.88911
7/03/17 03:00:00,-50.3722,15.5668,3.32037,3.25977,0.225,-78.15531
7/03/17 03:30:00,-29.1356,5.42804,1.05876,1.64786,0.224,-72.71939
7/03/17 04:00:00,-47.45,13.3049,2.07469,2.82443,0.224,-77.82184
7/03/17 04:30:00,-52.0011,13.7989,2.27847,2.25642,0.224,-75.4777
7/03/17 05:00:00,-49.4964,10.7889,1.50528,3.18836,0.223,-77.76748
7/03/17 05:30:00,-42.8799,8.06574,1.25657,1.88842,0.223,-72.27245
7/03/17 06:00:00,-52.6336,16.3884,2.78126,3.81692,0.223,-64.75242
7/03/17 06:30:00,-23.2003,6.20119,0.548731,1.46491,0.223,-1.724962
7/03/17 07:00:00,-8.02869,9.65283,0.418015,0.650147,0.222,50.37144
7/03/17 07:30:00,15.9466,27.8524,1.46473,3.65422,0.222,116.1774
7/03/17 08:00:00,23.71,53.7832,2.24045,5.66774,0.222,160.8945
7/03/17 08:30:00,55.4611,71.6382,3.6431,4.92158,0.222,236.2509
7/03/17 09:00:00,52.1958,70.6713,2.40202,5.98111,0.222,207.9817
7/03/17 09:30:00,85.8959,97.2018,1.9722,4.46964,0.222,301.6861
7/03/17 10:00:00,137.423,130.973,3.69369,5.37756,0.222,395.5349
7/03/17 10:30:00,141.717,151.681,3.31727,5.86676,0.222,348.9566
7/03/17 11:00:00,150.924,149.58,2.84593,6.00059,0.222,432.911
7/03/17 11:30:00,94.1899,123.985,0.43019,3.05126,0.223,200.3488
7/03/17 12:00:00,127.179,133.605,3.10701,4.74862,0.223,275.5073
7/03/17 12:30:00,113.984,133.623,3.96882,6.62033,0.223,271.2958
7/03/17 13:00:00,98.5765,95.1558,0.629547,5.87196,0.223,222.8411
7/03/17 13:30:00,62.3799,72.5087,1.25147,6.60208,0.223,110.9293
7/03/17 14:00:00,92.5528,113.792,1.70586,7.28872,0.223,190.3887
7/03/17 14:30:00,134.901,141.947,1.7037,14.3128,0.223,294.6313
7/03/17 15:00:00,136.914,151.223,1.5656,13.6935,0.223,343.7108
7/03/17 15:30:00,111.676,104.825,1.20052,7.76606,0.223,325.9384
7/03/17 16:00:00,119.899,171.283,0.774038,12.3917,0.223,431.007
7/03/17 17:00:00,240.016,150.143,10.5201,16.3206,0.223,535.899
7/03/17 17:30:00,190.448,138.164,9.17871,10.3524,0.222,346.0847
7/03/17 18:00:00,205.992,144.447,6.78969,9.75141,0.222,355.2403
7/03/17 18:30:00,185.861,129.014,7.54135,11.0606,0.222,320.0385
7/03/17 19:00:00,119.973,87.7909,7.54643,10.652,0.221,253.3517
7/03/17 19:30:00,117.414,79.9694,8.29472,8.98994,0.221,180.4733
7/03/17 20:00:00,93.2383,91.6194,7.05424,8.98886,0.22,108.0208
7/03/17 20:30:00,69.6834,51.8019,7.87468,10.6831,0.219,42.72099
7/03/17 21:30:00,-41.8662,29.5861,7.01931,6.70703,0.218,-80.81166
7/03/17 22:00:00,-41.3353,13.5466,6.32991,4.88157,0.217,-89.12864
7/03/17 22:30:00,-59.9933,19.144,3.89336,5.82009,0.217,-90.52619
7/03/17 23:00:00,-54.3713,15.2028,4.51798,3.33704,0.216,-91.10883
7/03/17 23:30:00,-52.5984,14.895,5.2147,3.92416,0.215,-90.97473
7/04/17 00:00:00,-48.5665,11.1322,4.70838,3.77875,0.215,-90.39038
7/04/17 00:30:00,-53.9187,11.63,3.87687,2.86679,0.214,-87.62899
7/04/17 01:00:00,-53.2305,10.7685,3.10511,4.51537,0.214,-88.07871
7/04/17 01:30:00,-51.6848,12.8196,5.0132,4.62509,0.213,-89.5417
7/04/17 02:00:00,-46.5116,10.9867,6.54812,3.58502,0.213,-89.89303
7/04/17 02:30:00,-52.2982,12.6186,5.95702,3.78812,0.213,-89.62782
7/04/17 03:00:00,-53.3561,12.1038,6.14456,5.14486,0.212,-90.22081
7/04/17 03:30:00,-54.4417,11.4988,5.06363,3.60502,0.212,-88.8422
7/04/17 04:00:00,-37.3613,4.90799,0.536499,3.12455,0.211,-80.73135
7/04/17 04:30:00,-22.0422,2.12802,0.90507,0.784698,0.211,-76.92725
7/04/17 05:30:00,-5.18097,5.14E-02,0.460982,0.487917,0.21,-71.2038
7/04/17 06:00:00,-22.9015,3.07916,1.53374,0.797053,0.21,-67.3046
7/04/17 06:30:00,-22.0998,11.7508,1.93404,0.841911,0.21,-8.808203
7/04/17 07:00:00,-15.359,24.9067,2.3969,0.656202,0.21,36.6785
7/04/17 07:30:00,6.29972,19.3151,2.34432,2.45825,0.209,89.89775
7/04/17 08:00:00,18.9566,25.9857,1.39912,1.30531,0.209,157.8429
7/04/17 09:00:00,52.127,62.4277,2.84243,2.95619,0.209,286.6838
7/04/17 09:30:00,91.5615,99.8132,2.89614,2.91306,0.209,312.5689
7/04/17 10:00:00,110.077,105.217,2.94829,5.65616,0.209,324.4538
7/04/17 10:30:00,115.884,106.239,2.07724,5.4712,0.209,341.3684
7/04/17 11:00:00,148.347,130.926,1.84549,6.16114,0.209,360.9213
7/04/17 11:30:00,192.076,165.03,2.18254,5.47836,0.209,347.3791
7/04/17 12:00:00,209.301,170.119,1.22042,6.04575,0.21,325.8622
7/04/17 12:30:00,219.376,178.116,1.82338,7.59284,0.21,305.4813
7/04/17 13:00:00,243.172,186.275,1.68463,8.51893,0.211,277.334
7/04/17 13:30:00,267.38,173.824,2.97563,6.61573,0.211,299.5656
7/04/17 14:00:00,322.691,190.93,2.17797,12.465,0.212,304.9043
7/04/17 14:30:00,229.852,186.699,1.03018,4.90548,0.212,334.6355
7/04/17 15:00:00,283.269,208.203,1.68999,9.39317,0.212,392.7294
7/04/17 15:30:00,169.918,131.225,1.09543,7.67968,0.213,212.1532
7/04/17 16:00:00,176.264,163.317,0.699128,4.14169,0.213,451.856
7/04/17 16:30:00,133.07,120.198,1.36773,4.98102,0.212,337.7818
7/04/17 17:00:00,148.072,143.148,0.855055,4.08156,0.212,247.7178
7/04/17 17:30:00,47.5127,75.9751,2.14541,4.1289,0.212,327.3663
7/04/17 18:00:00,123.179,131.337,1.91764,4.6709,0.212,421.6039
7/04/17 19:00:00,36.2004,80.4965,0.765982,1.89494,0.211,123.3822
7/04/17 19:30:00,23.7321,97.7416,1.40277,3.59196,0.21,176.6666
7/04/17 20:00:00,24.8633,59.9313,0.605297,1.58702,0.21,114.2782
7/04/17 20:30:00,22.5606,87.291,2.55638,4.74977,0.209,45.33192
7/04/17 21:00:00,-0.94958,48.485,5.13619,4.69621,0.208,-33.16301
7/04/17 21:30:00,-51.5547,31.9687,4.09497,5.37245,0.207,-81.5726
7/04/17 22:00:00,-66.0599,29.3509,6.18824,7.78176,0.206,-93.25419
7/04/17 22:30:00,-60.1912,28.3322,7.85335,5.08451,0.206,-97.08392
7/04/17 23:00:00,-57.5263,11.779,7.28633,3.90072,0.205,-96.13165
7/04/17 23:30:00,-61.7122,20.324,6.23461,4.95944,0.204,-96.28343
7/05/17 00:00:00,-64.5585,18.3703,6.3458,4.39443,0.203,-96.59504
7/05/17 01:00:00,-59.566,15.7316,4.9249,4.60393,0.202,-93.72868
7/05/17 01:30:00,-54.5124,14.0696,3.80478,2.90223,0.202,-91.00398
7/05/17 02:00:00,-53.6628,11.0909,2.16148,3.97506,0.202,-87.15559
7/05/17 02:30:00,-41.2444,7.55521,1.97087,2.17642,0.201,-82.54845
7/05/17 03:00:00,-46.0128,5.53665,2.17028,1.45257,0.201,-80.77622
7/05/17 03:30:00,-48.2359,7.62004,2.10517,2.01921,0.2,-82.58044
7/05/17 04:00:00,-36.7631,4.12646,2.54583,1.85165,0.2,-82.70935
7/05/17 04:30:00,-40.6056,4.13424,3.43208,1.6541,0.2,-82.88499
7/05/17 05:00:00,-25.3016,3.21898,0.967423,1.18815,0.199,-74.91
7/05/17 05:30:00,-16.1218,1.50155,1.27417,0.640948,0.199,-74.41894
7/05/17 06:00:00,-17.7705,1.44332,1.70929,0.642134,0.199,-66.70718
7/05/17 06:30:00,-17.8013,3.67217,2.5101,0.219996,0.198,-6.242931
7/05/17 08:00:00,30.7583,45.0211,2.61327,0.772591,0.197,157.5801
7/05/17 09:00:00,44.0644,49.3531,0.898517,0.142799,0.197,270.0209
7/05/17 09:30:00,71.771,107.186,0.571786,0.45264,0.197,299.8288
7/05/17 10:00:00,60.6771,73.1215,1.13252,0.472429,0.197,312.2502
7/05/17 10:30:00,102.571,109.986,1.66233,0.730671,0.197,329.3094
7/05/17 11:30:00,145.407,148.848,3.52962,1.85087,0.197,348.2836
7/05/17 12:30:00,190.561,197.899,3.14201,4.38642,0.198,300.2012
7/05/17 13:00:00,217.376,203.68,3.17459,4.36904,0.198,285.8751
7/05/17 13:30:00,193.18,161.038,1.33659,5.84391,0.199,271.2849
7/05/17 14:00:00,216.945,180.045,2.99311,5.15271,0.199,287.4251
7/05/17 14:30:00,242.972,190.414,2.61011,4.34659,0.199,328.067
7/05/17 15:00:00,281.624,160.576,5.5969,4.99203,0.199,390.4053
7/05/17 15:30:00,221.034,201.015,1.58689,4.5283,0.199,410.0392
7/05/17 16:00:00,155.668,158.766,1.84132,5.65023,0.199,447.4673
7/05/17 17:00:00,159.531,133.424,0.640399,2.4103,0.199,445.9964
7/05/17 17:30:00,123.276,141.718,0.933174,2.17724,0.199,423.3161
7/05/17 18:00:00,119.746,146.958,2.0626,4.44149,0.199,384.2854
7/05/17 18:30:00,97.606,120.257,1.04727,2.42931,0.198,311.2409
7/05/17 19:00:00,54.4475,87.9368,0.231862,1.22058,0.198,204.2238
7/05/17 19:30:00,68.1816,114.155,2.15036,4.52893,0.197,168.0729
7/05/17 20:00:00,70.2144,71.9313,3.53813,4.57105,0.197,99.61948
7/05/17 20:30:00,27.6014,41.2917,0.853022,2.70723,0.195,39.34898
7/05/17 21:00:00,-8.16767,23.3334,0.494605,1.93092,0.195,-39.77747
7/05/17 21:30:00,-9.85705,5.91797,0.697801,0.545872,0.194,-68.18636
7/05/17 22:00:00,-13.6271,3.29808,0.363905,0.631462,0.193,-71.30841
7/05/17 22:30:00,-7.07685,1.53297,0.819808,0.204655,0.193,-71.0568
7/05/17 23:00:00,-15.5359,5.30696,0.382043,0.583801,0.192,-74.17371
7/05/17 23:30:00,-22.0106,6.89648,1.25237,0.681127,0.191,-74.0858
7/06/17 00:00:00,-22.7908,5.24531,1.72028,0.73374,0.191,-77.55451
7/06/17 00:30:00,-11.8456,2.35982,1.86158,0.194736,0.19,-74.29469
7/06/17 01:00:00,-11.2768,1.72187,1.59202,0.137901,0.189,-72.86691
7/06/17 01:30:00,-12.2695,2.69515,2.00386,0.150539,0.189,-75.01391
7/06/17 02:00:00,-12.1067,1.99347,1.80377,0.35687,0.188,-72.33046
7/06/17 02:30:00,-24.7627,5.64586,2.62769,0.260649,0.188,-76.17225
7/06/17 03:00:00,-25.5358,5.29074,2.39843,0.454902,0.187,-75.86506
7/06/17 03:30:00,-25.608,5.01893,2.08248,0.225718,0.187,-73.91005
7/06/17 04:00:00,-8.447,1.3492,1.41977,0.252767,0.187,-68.99211
7/06/17 08:00:00,8.62727,45.1778,0.390371,0.18917,0.184,149.3483
7/06/17 09:00:00,19.8028,71.7959,0.878945,0.711398,0.183,268.4868
7/06/17 09:30:00,41.0183,86.8577,1.88411,1.43952,0.183,303.2887
7/06/17 10:00:00,64.8007,99.2233,2.02722,1.98889,0.183,314.8348
7/06/17 10:30:00,71.0152,94.0049,1.57451,2.20545,0.183,323.359
7/06/17 11:00:00,103.213,131.436,1.80138,4.43026,0.183,334.4915
7/06/17 11:30:00,120.28,152.084,1.67208,2.48439,0.183,190.2443
7/06/17 12:30:00,170.165,177.195,1.05401,2.42333,0.183,353.8976
7/06/17 13:00:00,206.77,191.439,0.887009,4.62207,0.183,306.0998
7/06/17 13:30:00,205.285,202.744,1.18296,3.26732,0.184,299.9912
7/06/17 14:30:00,217.628,210.434,1.99362,5.44691,0.184,336.185
7/06/17 15:00:00,187.83,141.544,2.07297,5.54895,0.184,400.7402
7/06/17 15:30:00,197.092,122.884,3.06878,3.17803,0.185,275.9861
7/06/17 16:00:00,154.245,159.806,3.21587,3.71104,0.184,463.6235
7/06/17 16:30:00,143.928,136.371,2.42273,5.28769,0.184,349.2033
7/06/17 17:00:00,189.177,128.419,3.37633,3.83023,0.184,487.1251
7/06/17 17:30:00,134.953,98.895,3.1551,3.17097,0.183,196.1187
7/06/17 18:00:00,112.94,114.066,1.966,2.96918,0.183,428.4326
7/06/17 18:30:00,111.696,99.4148,3.62612,3.2722,0.183,245.8179
7/06/17 19:00:00,76.1949,83.344,3.33344,2.43629,0.182,177.522
7/06/17 20:00:00,18.2498,41.8204,2.59251,1.98247,0.181,88.23253
7/06/17 20:30:00,13.2991,33.5343,1.59935,1.06937,0.18,67.30566
7/06/17 21:00:00,-2.69243,19.9878,1.33851,1.06322,0.18,-43.05145
7/06/17 21:30:00,-10.4664,4.52252,0.953495,0.690752,0.179,-60.09622
7/06/17 22:00:00,-20.2599,5.90294,2.00688,0.384517,0.178,-74.24915
7/06/17 22:30:00,-31.4787,6.02943,2.37878,0.67704,0.178,-79.27808
7/06/17 23:00:00,-14.4343,0.299614,1.7147,0.789787,0.177,-74.46504
7/07/17 00:00:00,-3.74694,-4.01951,0.477059,0.177122,0.176,-65.78942
7/07/17 01:30:00,-8.35242,0.172352,1.17108,0.163436,0.174,-65.48244
7/07/17 03:00:00,-2.55312,-0.115187,0.228433,0.182185,0.173,-56.39724
7/07/17 04:00:00,-0.151769,-0.995367,0.332542,0.102515,0.173,-58.77946
7/07/17 04:30:00,-0.111786,0.256708,0.514774,0.134586,0.172,-57.46545
7/07/17 07:00:00,-1.592,4.8955,1.24313,0.127558,0.171,74.0343
7/07/17 07:30:00,-0.647861,2.28343,1.28232,7.18E-02,0.171,27.34118
7/07/17 08:00:00,-1.96E-02,13.3761,1.42376,0.150002,0.171,151.3409
7/07/17 08:30:00,12.0381,38.9678,0.984285,0.159623,0.17,217.6002
7/07/17 09:30:00,69.2691,84.1933,3.74815,1.1709,0.17,308.8535
7/07/17 10:00:00,25.1904,76.4813,2.80127,0.894006,0.169,317.2932
7/07/17 10:30:00,89.7028,115.351,4.64097,1.55085,0.169,335.7495
7/07/17 11:00:00,107.931,115.656,4.19642,1.44628,0.169,349.6698
7/07/17 11:30:00,180.054,172.505,3.08074,4.06315,0.169,324.5928
7/07/17 12:00:00,162.718,161.291,1.38977,4.90389,0.169,317.3098
7/07/17 12:30:00,182.438,227.326,1.46287,6.55129,0.169,288.5854
7/07/17 13:00:00,190.312,155.094,1.32471,10.8164,0.17,284.0163
7/07/17 13:30:00,179.747,159.525,0.725939,5.70139,0.17,261.0068
7/07/17 14:00:00,222.73,214.316,2.90862,3.92485,0.17,281.2014
7/07/17 14:30:00,182.102,158.592,1.33252,6.00266,0.17,270.9673
7/07/17 15:00:00,174.546,210.568,0.717238,2.10646,0.17,296.987
7/07/17 15:30:00,90.2161,95.5178,2.56594,4.44246,0.171,165.9817
7/07/17 16:00:00,41.6879,61.3901,4.24933,4.02322,0.17,124.0923
7/07/17 17:00:00,36.6058,33.6115,0.180059,5.63476,0.169,72.03673
7/07/17 18:00:00,87.6083,126.338,1.55186,3.21431,0.168,337.0646
7/07/17 18:30:00,60.3017,100.002,1.04146,2.57742,0.167,299.3675
7/07/17 19:00:00,19.0683,78.7723,0.373724,1.08701,0.167,71.70257
7/07/17 19:30:00,9.51229,55.7693,1.48902,2.27574,0.167,163.4871
7/07/17 20:00:00,-1.96597,41.629,1.29212,1.36931,0.166,67.08395
7/07/17 20:30:00,-13.8027,26.2067,0.44937,0.984592,0.166,1.063683
7/07/17 21:00:00,-15.4566,14.8336,0.593455,0.965748,0.166,-37.15715
7/07/17 21:30:00,-28.4177,20.97,2.36589,1.84908,0.165,-47.20334
7/07/17 22:00:00,-19.9074,15.8664,2.22424,0.876371,0.165,-31.99686
7/07/17 22:30:00,-11.5578,5.13756,0.824514,0.871726,0.164,-65.30444
7/07/17 23:00:00,-8.3209,2.15159,0.380337,0.234343,0.164,-65.13724
7/07/17 23:30:00,-15.6011,5.26978,1.03073,1.05451,0.163,-67.36915
7/08/17 00:00:00,-11.9533,2.89393,0.228496,0.373914,0.163,-47.42284
7/08/17 00:30:00,-9.31467,1.60756,1.02778,0.419389,0.162,-49.41888
7/08/17 01:00:00,-24.097,4.70174,1.08215,0.560417,0.162,-50.67791
7/08/17 01:30:00,-20.3242,3.7377,1.38319,0.557364,0.161,-51.32891
7/08/17 02:00:00,-21.8048,6.92493,1.4499,0.930888,0.161,-52.14807
7/08/17 02:30:00,-13.3761,1.97482,1.29492,0.762077,0.161,-60.99892
7/08/17 03:00:00,-29.6069,5.95112,2.2876,0.825158,0.16,-69.4606
7/08/17 03:30:00,-37.1777,8.13255,2.62076,0.775641,0.16,-70.49541
7/08/17 04:00:00,-27.5628,5.29226,2.45657,0.374644,0.16,-66.84119
7/08/17 05:30:00,-1.00592,5.55E-02,0.628922,5.40E-02,0.159,-55.58937
7/08/17 07:00:00,-0.383269,1.2467,0.423575,6.90E-02,0.159,29.73572
7/08/17 07:30:00,-8.07589,9.65703,0.938812,0.11845,0.158,8.741738
7/08/17 08:00:00,9.68842,7.73117,0.278987,0.11025,0.158,87.77772
7/08/17 09:00:00,12.2579,49.3145,1.24848,0.40174,0.158,238.4999
7/08/17 09:30:00,34.6566,85.1279,2.9608,0.800203,0.158,299.3318
7/08/17 10:00:00,36.0155,67.4059,2.63225,1.07394,0.157,189.8126
7/08/17 10:30:00,53.5719,89.6804,1.90976,0.555147,0.157,245.4566
7/08/17 11:00:00,37.195,131.241,3.43242,1.51049,0.157,301.1826
7/08/17 12:00:00,137.763,152.339,3.75348,4.21992,0.157,425.2072
7/08/17 12:30:00,187.534,163.797,1.90433,5.63586,0.157,313.0495
7/08/17 13:00:00,196.577,184.529,2.9678,5.21502,0.157,270.8195
7/08/17 13:30:00,236.729,208.821,1.3586,5.11274,0.157,325.7018
7/08/17 14:00:00,261.361,199.852,2.23846,5.62227,0.157,358.7987
7/08/17 14:30:00,277.079,297.614,0.885505,4.82813,0.157,432.4158
7/08/17 15:00:00,173.052,129.391,0.505419,3.66653,0.158,384.8467
7/08/17 15:30:00,188.257,153.58,0.300091,3.13962,0.158,485.4781
7/08/17 16:00:00,243.599,148.591,2.48659,5.30903,0.158,452.2577
7/08/17 16:30:00,218.772,167.61,0.997223,5.10268,0.158,356.0707
7/08/17 17:00:00,92.8417,120.897,0.663535,2.15538,0.158,442.3134
7/08/17 17:30:00,87.2412,145.3,0.612154,2.44965,0.158,343.4764
7/08/17 18:00:00,95.8176,128.848,0.601375,1.85698,0.157,365.7365
7/08/17 18:30:00,111.948,122.442,1.32844,3.16018,0.157,285.5784
7/08/17 19:00:00,102.103,70.7904,4.71883,3.87768,0.156,79.67652
7/08/17 19:30:00,41.931,74.3976,1.58509,2.94335,0.156,123.0815
7/08/17 20:00:00,-10.1051,28.7095,0.583155,1.23042,0.155,-14.28238
7/08/17 20:30:00,-11.6769,27.7311,0.717939,1.75379,0.155,-4.493737
7/08/17 22:00:00,-12.659,-9.41102,2.86173,1.11147,0.153,-75.01041
7/08/17 22:30:00,-10.2327,-5.32412,1.41851,1.01833,0.152,-69.76773
7/08/17 23:00:00,-6.52833,-7.09987,1.30974,0.537673,0.152,-69.43219
7/08/17 23:30:00,-1.21478,-1.55942,0.648675,0.27819,0.151,-66.33819
7/13/17 00:00:00,-20.0556,9.5915,2.16199,0.250563,0.145,-62.0173
7/13/17 01:00:00,-28.2022,8.47716,2.95948,0.468269,0.144,-72.06192
7/13/17 01:30:00,-25.5469,8.42933,3.23366,0.383076,0.144,-67.4956
7/13/17 02:00:00,-20.9068,7.60038,2.15502,0.382237,0.143,-71.22568
7/13/17 02:30:00,-6.77831,0.982458,1.37228,0.287078,0.143,-69.44025
7/13/17 03:00:00,-12.9287,1.61679,1.9642,0.382784,0.143,-69.62514
7/13/17 03:30:00,-12.3444,2.48839,2.01848,0.204988,0.143,-69.86406
7/13/17 04:00:00,-28.7771,5.83758,2.08131,0.823817,0.142,-73.53493
7/13/17 04:30:00,-23.5237,3.9338,0.884228,0.759913,0.142,-68.23585
7/13/17 05:00:00,-5.41504,0.401876,0.438068,0.495382,0.142,-68.90306
7/13/17 05:30:00,-16.8588,-0.275353,1.00463,0.486575,0.142,-69.80235
7/13/17 06:00:00,-21.5055,2.13669,0.725567,0.550139,0.142,-62.95687
7/13/17 06:30:00,-13.5459,3.52216,0.62506,0.373319,0.141,-22.84579
7/13/17 07:00:00,-14.0026,7.23847,0.96181,0.585594,0.142,14.63851
7/13/17 07:30:00,-12.2426,11.4258,1.26921,1.3767,0.141,65.57991
7/13/17 08:00:00,16.372,56.0689,1.64585,0.90488,0.141,133.8094
7/13/17 08:30:00,25.07,46.9901,1.3411,1.90616,0.141,201.2601
7/13/17 09:00:00,44.963,54.2731,2.32804,2.70153,0.141,268.9614
7/13/17 09:30:00,52.8558,58.9458,2.94028,4.41999,0.141,328.4979
7/13/17 10:00:00,84.3101,110.452,3.7249,5.01099,0.141,387.4008
7/13/17 10:30:00,83.5112,123.064,0.585009,4.86387,0.142,433.1506
7/13/17 11:00:00,127.33,151.388,0.396755,3.57136,0.142,478.7996
7/13/17 11:30:00,137.167,151.902,1.15726,4.71583,0.142,520.5216
7/13/17 12:00:00,151.195,173.688,2.45994,5.16361,0.143,567.1439
7/13/17 12:30:00,155.821,176.808,1.9936,4.70989,0.144,588.8002
7/13/17 13:00:00,175.654,188.988,1.01918,5.53822,0.145,608.201
7/13/17 13:30:00,251.589,257.442,0.943267,3.38579,0.145,607.8799
7/13/17 14:00:00,191.652,198.848,0.471746,6.8992,0.146,617.9953
7/13/17 14:30:00,229.896,237.921,0.762677,5.02677,0.147,621.7617
7/13/17 15:00:00,228.849,206.403,1.56598,8.21669,0.147,444.8902
7/13/17 15:30:00,104.119,134.341,1.16306,3.18068,0.148,580.5095
7/13/17 16:00:00,153.258,131.67,0.468767,9.11317,0.148,475.6742
7/13/17 17:00:00,115.743,144.161,1.86072,8.231,0.148,344.8242
7/13/17 17:30:00,85.591,140.328,4.17441,10.5847,0.148,394.9155
7/13/17 18:00:00,90.4285,134.619,0.814886,3.36486,0.148,361.3125
7/13/17 18:30:00,69.7912,78.6009,1.99889,6.53824,0.148,201.6063
7/13/17 19:00:00,62.5503,95.1927,1.2945,3.09262,0.148,237.1425
7/13/17 19:30:00,31.1389,67.8447,1.91895,6.60129,0.147,101.4897
7/13/17 20:00:00,10.3506,74.5221,3.03447,6.63826,0.147,85.41891
7/13/17 20:30:00,-9.10116,62.8396,1.35553,3.79842,0.146,23.89177
7/13/17 21:00:00,4.70794,31.2488,0.441808,1.72007,0.146,-64.47405
7/13/17 21:30:00,-46.9375,27.423,2.39115,4.60289,0.145,-76.39366
7/13/17 22:00:00,-48.9488,23.2651,5.43389,4.07196,0.144,-87.11752
7/13/17 22:30:00,-47.5071,16.1595,3.89169,5.46319,0.144,-89.66306
7/13/17 23:00:00,-60.1774,17.7158,3.15558,3.37949,0.143,-85.64307
7/13/17 23:30:00,-29.0805,5.47367,1.07192,0.887966,0.142,-76.00677
7/15/17 01:00:00,-46.8305,9.72769,3.43167,1.30916,0.135,-88.55765
7/15/17 01:30:00,-43.7922,9.43675,3.27574,0.807574,0.135,-87.71245
7/15/17 02:00:00,-35.5412,8.86669,2.75421,0.54636,0.134,-85.71272
7/15/17 02:30:00,-43.6219,14.0593,2.93811,0.83366,0.134,-85.47789
7/15/17 03:00:00,-29.8701,6.7323,1.69601,1.24206,0.133,-76.76682
7/15/17 03:30:00,-19.7835,3.80389,1.31912,1.10113,0.133,-75.61699
7/15/17 04:00:00,-9.17097,2.11403,1.06168,0.504092,0.133,-73.28281
7/15/17 04:30:00,-18.6739,0.528624,0.849868,0.582635,0.133,-70.21984
7/15/17 05:00:00,-17.7464,2.40378,1.00582,0.701159,0.133,-73.77724
7/15/17 05:30:00,-33.7342,8.31483,1.33235,0.498249,0.132,-72.98649
7/15/17 06:00:00,-4.27019,0.160012,1.44796,0.13153,0.132,-68.04192
7/15/17 06:30:00,-7.74864,0.591764,1.52616,0.431345,0.132,-25.19362
7/15/17 07:00:00,-27.6182,15.2511,2.22396,0.806738,0.131,11.36764
7/15/17 07:30:00,-2.2453,9.96623,0.99602,0.197325,0.131,64.68694
7/15/17 08:00:00,-16.7846,22.6655,2.40028,0.536817,0.131,14.07915
7/15/17 09:00:00,22.1037,68.4143,4.08214,1.19346,0.131,175.4231
7/15/17 09:30:00,35.9142,86.9952,4.39195,5.6067,0.131,306.1271
7/15/17 10:00:00,44.4118,86.978,6.73024,5.79066,0.131,141.3828
7/15/17 10:30:00,36.3067,112.14,4.92444,8.83054,0.131,210.0652
7/15/17 11:00:00,16.8816,71.0527,6.27699,6.75636,0.13,171.1758
7/15/17 11:30:00,20.2089,87.4832,4.50066,5.98228,0.13,167.0248
7/15/17 12:00:00,118.494,147.33,2.98147,10.0422,0.13,422.2687
7/15/17 12:30:00,82.5444,101.347,2.09838,6.18459,0.13,374.4581
7/15/17 13:00:00,106.498,129.565,3.58235,7.17271,0.13,372.2232
7/15/17 13:30:00,92.8699,110.342,5.57687,7.19035,0.13,258.8854
7/15/17 14:00:00,112.307,122.554,2.88402,4.97446,0.13,465.6732
7/15/17 14:30:00,188.93,163.772,2.9312,4.16731,0.13,523.0468
7/15/17 15:00:00,125.255,94.0155,3.3544,4.64104,0.131,510.2968
7/15/17 15:30:00,155.036,126.207,2.39596,4.59451,0.131,535.4272
7/15/17 16:00:00,211.062,142.289,3.1903,4.8278,0.131,525.1529
7/15/17 17:00:00,150.411,100.721,1.86855,4.1522,0.132,374.4627
7/15/17 17:30:00,107.578,101.646,0.768879,3.93792,0.132,262.2298
7/15/17 18:00:00,101.346,101.272,3.39902,7.23895,0.132,342.8521
7/15/17 18:30:00,81.8742,74.883,0.953868,4.17313,0.132,254.0769
7/15/17 19:00:00,78.2276,84.7629,1.71967,4.92997,0.131,229.2186
7/15/17 19:30:00,51.4985,70.252,1.34185,3.97806,0.131,167.0829
7/15/17 20:00:00,21.6995,59.8927,1.96255,3.88815,0.131,110.6329
7/15/17 20:30:00,-2.66393,26.9623,1.4339,2.7187,0.13,23.55049
7/15/17 21:00:00,-19.4837,68.1856,3.16786,3.53822,0.13,0.4221
7/15/17 21:30:00,-21.5426,18.5737,2.08606,3.39306,0.129,-37.21171
7/15/17 22:00:00,-24.6524,14.6127,4.38936,7.20121,0.129,-61.26835
7/15/17 22:30:00,-33.7576,6.34127,4.10703,8.25205,0.128,-74.41399
7/15/17 23:00:00,-31.5514,6.8068,5.38437,5.23086,0.128,-67.16155
7/15/17 23:30:00,-29.9788,6.25394,4.82432,4.9855,0.127,-69.41167
7/16/17 00:00:00,-39.5433,6.26352,5.20844,5.74025,0.127,-63.81907
7/16/17 00:30:00,-35.3699,10.7154,4.76511,5.25717,0.127,-50.60492
7/16/17 01:00:00,-26.0725,10.8272,5.80806,6.07893,0.126,-55.44749
7/16/17 01:30:00,-31.0815,13.4254,4.3902,6.7423,0.126,-66.87547
7/16/17 02:00:00,-35.8773,14.8205,3.45625,9.42992,0.126,-79.24055
7/16/17 02:30:00,-43.994,8.46137,4.79682,9.88563,0.125,-79.56795
7/16/17 03:00:00,-46.6933,14.5068,5.03828,11.2583,0.125,-84.19181
7/16/17 03:30:00,-59.2749,17.5498,4.80162,10.376,0.125,-84.46447
7/16/17 04:00:00,-51.2807,14.2741,4.80886,11.7004,0.125,-75.91105
7/16/17 04:30:00,-49.5598,14.0338,3.86941,9.82265,0.124,-81.35239
7/16/17 05:30:00,-50.6694,26.5038,3.47074,11.9558,0.124,-79.08484
7/16/17 06:30:00,-51.2905,15.3021,6.4919,11.1531,0.124,-31.52237
7/16/17 07:00:00,-20.1126,34.1104,5.47394,8.82307,0.123,50.90868
7/16/17 07:30:00,-8.51236,50.3365,5.65305,8.20578,0.123,42.0207
7/16/17 08:00:00,-3.32E-02,61.6099,6.0586,7.69582,0.123,110.7894
7/16/17 09:00:00,31.4363,73.3804,4.06304,5.51806,0.123,168.2428
7/16/17 09:30:00,32.0555,60.5342,6.01394,10.0852,0.122,202.5432
7/16/17 10:00:00,76.3837,99.0623,3.29169,7.77061,0.122,272.7712
7/16/17 10:30:00,129.885,116.2,6.61333,11.2474,0.122,322.0606
7/16/17 11:00:00,194.332,141.529,2.91979,14.3067,0.122,567.4037
7/16/17 11:30:00,202.328,130.604,3.19497,10.635,0.122,523.7635
7/16/17 12:00:00,222.351,117.571,4.06077,15.8499,0.122,675.7543
7/16/17 12:30:00,214.153,111.661,4.68163,12.9151,0.122,464.5227
7/16/17 13:00:00,107.938,78.4142,4.2386,11.9012,0.122,301.5274
7/16/17 13:30:00,114.955,84.0158,4.01772,11.6202,0.123,445.7668
7/16/17 14:00:00,63.1489,63.6468,4.04104,9.20987,0.123,131.8037
7/16/17 14:30:00,58.0766,65.5501,0.556335,10.9259,0.122,115.325
7/16/17 15:00:00,75.2602,83.7136,1.0179,13.4049,0.122,316.9956
7/16/17 15:30:00,142.292,95.807,2.07623,11.9282,0.122,439.25
7/16/17 16:00:00,267.588,81.4049,7.03079,17.0007,0.122,429.7249
7/16/17 16:30:00,214.453,48.2467,8.04024,14.1215,0.122,272.2119
7/16/17 17:00:00,253.56,94.8296,7.52751,11.1213,0.121,503.1039
7/16/17 17:30:00,219.85,74.8236,8.04625,17.8741,0.121,261.3255
7/16/17 18:00:00,222.337,73.3583,9.16685,13.9586,0.121,199.3344
7/16/17 18:30:00,170.956,76.3313,5.90861,14.949,0.121,318.3394
7/16/17 19:00:00,53.6941,51.4158,1.70931,6.81861,0.12,45.85868
7/16/17 19:30:00,2.41015,26.888,2.39181,7.13937,0.12,-10.9769
7/16/17 20:00:00,16.5777,28.8979,5.99109,13.5909,0.12,12.3325
7/16/17 20:30:00,-9.90321,57.3749,3.03199,10.8781,0.119,-26.92553
7/16/17 21:00:00,-5.24185,18.0405,7.97339,11.6212,0.119,-24.92916
7/16/17 21:30:00,-6.06376,16.3055,8.20494,8.06717,0.119,-43.30937
7/16/17 22:00:00,-19.3446,4.51831,7.75629,6.89418,0.118,-59.55172
7/16/17 22:30:00,-26.5214,8.43383,7.07508,8.25188,0.118,-65.02547
7/16/17 23:00:00,-26.2192,28.4505,7.59922,7.90121,0.117,-45.00356
7/16/17 23:30:00,-14.8035,3.78106,6.67034,7.45519,0.117,-74.57634
7/17/17 00:00:00,-33.8463,-13.1052,6.16996,16.4496,0.117,-86.90939
7/17/17 01:00:00,-53.4407,11.2628,6.15424,10.6642,0.116,-89.53175
7/17/17 01:30:00,-45.1311,6.79664,8.03139,12.5334,0.116,-90.24772
7/17/17 02:00:00,-39.1443,11.1372,10.2546,10.8572,0.116,-90.38428
7/17/17 03:00:00,-30.5047,10.3309,13.1252,7.82142,0.115,-83.05007
7/17/17 03:30:00,-33.2536,8.49352,12.0388,6.00165,0.115,-91.49538
7/17/17 04:00:00,-32.8674,2.34671,8.74668,8.29014,0.115,-88.17899
7/17/17 04:30:00,-31.3065,2.78601,8.4193,10.8084,0.114,-63.93991
7/17/17 05:00:00,-33.4095,12.8424,8.27295,7.59236,0.114,-62.52915
7/17/17 05:30:00,-24.3621,6.10777,8.38832,5.90367,0.114,-55.96085
7/17/17 06:00:00,-25.5635,10.0593,8.27388,5.97284,0.114,-54.52989
7/17/17 06:30:00,-18.8548,10.0317,9.54626,5.96468,0.114,-38.02697
7/17/17 07:30:00,-5.44253,8.30011,3.86878,5.00747,0.114,2.46917
7/17/17 08:30:00,-1.77402,12.2145,3.41351,5.71275,0.114,-2.165687
7/17/17 09:00:00,1.18842,32.1132,1.75162,2.69605,0.114,38.46755
7/17/17 09:30:00,8.55807,21.439,4.11821,5.01267,0.114,60.05769
7/17/17 10:00:00,32.1454,27.0727,3.74563,4.48885,0.114,127.8474
7/17/17 10:30:00,70.7397,59.726,2.02556,4.42573,0.114,309.7024
7/17/17 11:00:00,104.33,58.5325,4.68289,7.49777,0.114,287.8909
7/17/17 11:30:00,114.287,54.2172,4.25786,5.76835,0.114,338.3614
7/17/17 12:00:00,153.21,52.8055,3.87927,5.27776,0.114,378.0511
7/17/17 12:30:00,171.503,67.7993,3.88192,4.88442,0.114,495.1375
7/17/17 13:00:00,233.655,86.6091,4.74394,4.85079,0.115,553.2548
7/17/17 13:30:00,248.555,103.457,3.76671,5.75513,0.115,543.0401
7/17/17 14:00:00,319.573,138.343,3.32867,7.43234,0.115,527.0024
7/17/17 14:30:00,248.867,108.784,2.98087,5.43077,0.116,493.9371
7/17/17 15:00:00,239.913,81.0463,5.05686,7.13895,0.116,425.3998
7/17/17 15:30:00,219.152,76.196,6.93308,6.50951,0.117,441.299
7/17/17 16:00:00,229.707,73.447,6.14045,5.72445,0.116,396.3142
7/17/17 17:00:00,191.361,69.005,7.1876,5.77722,0.116,360.4831
7/17/17 17:30:00,158.758,66.1892,4.78843,6.84221,0.116,232.8809
7/17/17 18:00:00,137.423,57.7076,6.63442,5.18685,0.116,187.0271
7/17/17 18:30:00,110.808,50.8039,6.08874,5.05983,0.116,193.6055
7/17/17 19:00:00,96.2945,48.0642,6.63497,4.91965,0.115,128.4183
7/17/17 19:30:00,74.3896,41.0784,4.88438,2.94905,0.115,69.85758
7/17/17 20:00:00,33.8532,29.7121,3.92913,4.41346,0.115,11.90616
7/17/17 20:30:00,10.0729,24.2912,5.50003,2.95588,0.114,-22.34118
7/17/17 21:00:00,-21.1274,12.8335,1.85119,2.54913,0.114,-59.50926
7/17/17 21:30:00,-32.2939,6.90673,0.802329,1.92504,0.113,-78.28376
7/17/17 22:00:00,-38.3421,6.68811,1.3104,1.28704,0.113,-88.79401
7/17/17 22:30:00,-22.0084,3.23229,0.689362,0.607695,0.113,-82.981
7/17/17 23:00:00,-40.2085,6.58639,2.60996,2.78696,0.112,-92.12849
7/17/17 23:30:00,-40.9626,5.02989,2.43858,1.80699,0.112,-90.49687
7/18/17 00:00:00,-22.5923,0.141587,0.83787,1.07751,0.112,-84.74595
7/18/17 00:30:00,-34.3624,2.67408,2.55046,2.5072,0.111,-90.38932
7/18/17 01:00:00,-30.5185,1.36507,0.515715,1.23179,0.111,-83.48466
7/18/17 01:30:00,-46.961,4.89676,0.435205,1.30149,0.111,-85.30602
7/18/17 02:00:00,-66.2949,5.52139,2.12664,2.79755,0.11,-91.48352
7/18/17 02:30:00,-49.4885,2.77803,0.467134,1.60927,0.11,-86.73962
7/18/17 03:00:00,-35.7677,2.47139,0.825617,0.807009,0.11,-83.64576
7/18/17 03:30:00,-32.1842,1.52971,1.59937,0.833935,0.11,-84.32342
7/18/17 04:00:00,-5.96329,-1.62206,0.556604,0.464801,0.11,-83.36427
7/18/17 04:30:00,-11.6677,3.94E-02,0.500788,0.82521,0.11,-82.44554
7/18/17 05:00:00,-7.37443,-3.25203,0.211014,0.520371,0.109,-79.65611
7/18/17 05:30:00,-22.3358,-3.34879,0.435223,0.86015,0.109,-83.6899
7/18/17 06:00:00,-13.3381,-0.582131,0.29003,0.617415,0.109,-77.60839
7/18/17 06:30:00,-49.8771,7.85038,1.99585,2.38595,0.109,-72.62743
7/18/17 07:00:00,-25.5513,-8.56E-02,1.27791,2.48552,0.109,-31.79188
7/18/17 07:30:00,-13.8993,4.03508,0.383173,0.823403,0.109,14.97452
7/18/17 08:00:00,6.08577,8.18143,0.408656,0.689705,0.109,84.52568
7/18/17 09:00:00,57.9776,30.8238,0.853678,0.840916,0.109,225.6212
7/18/17 09:30:00,73.1318,77.0406,0.238881,2.18706,0.109,286.3016
7/18/17 10:30:00,107.608,59.3803,0.393924,3.49285,0.109,395.816
7/18/17 11:00:00,153.444,110.52,1.99027,2.72016,0.109,443.07
7/18/17 11:30:00,147.709,112.441,1.02091,1.56159,0.11,483.1711
7/18/17 12:00:00,143.189,112.515,1.25502,2.46792,0.11,525.0924
7/18/17 12:30:00,174.116,106.474,0.728775,2.26418,0.111,542.2263
7/18/17 13:00:00,226.493,109.649,2.81679,3.91518,0.111,566.3995
7/18/17 13:30:00,264.883,125.81,2.85489,4.52224,0.112,573.1616
7/18/17 14:00:00,309.114,108.57,4.68641,5.77086,0.113,585.1579
7/18/17 14:30:00,292.625,103.506,5.51281,4.08532,0.113,573.9066
7/18/17 15:00:00,278.349,87.1606,6.38691,4.70424,0.113,561.1853
7/18/17 15:30:00,286.948,108.461,4.54058,4.38448,0.114,530.5078
7/18/17 16:00:00,227.139,95.8266,2.1084,3.91801,0.114,489.5051
7/18/17 16:30:00,217.058,73.9369,1.96732,7.39225,0.114,456.5754
7/18/17 17:00:00,164.484,94.3905,1.73052,2.11133,0.114,403.13
7/18/17 17:30:00,211.593,88.2296,2.64954,5.06185,0.114,362.3966
7/18/17 18:00:00,211.926,89.1537,4.16169,3.89378,0.114,311.7511
7/18/17 18:30:00,178.852,72.9427,4.53411,3.25986,0.114,241.1665
7/18/17 19:00:00,121.547,75.2557,3.12559,4.39858,0.114,164.7827
7/18/17 19:30:00,82.1641,61.3146,1.83997,2.73039,0.113,104.0457
7/18/17 20:00:00,51.5677,36.2252,3.16101,4.04916,0.113,45.85205
7/18/17 20:30:00,27.0549,41.2541,3.34489,3.42961,0.112,-6.9903
7/18/17 21:00:00,-11.1347,17.9497,2.39063,2.78515,0.111,-75.21155
7/18/17 21:30:00,-23.0584,8.41917,0.497725,0.731434,0.111,-77.96935
7/18/17 22:00:00,-45.461,9.86939,1.78432,1.5181,0.11,-88.09268
7/18/17 22:30:00,-25.5225,2.51907,2.28898,1.26208,0.11,-90.56731
7/18/17 23:00:00,-45.2547,6.50501,1.22853,1.10638,0.109,-84.59209
7/19/17 00:00:00,-8.08367,0.634695,0.849337,0.368378,0.108,-75.53069
7/19/17 01:00:00,-31.5269,3.09369,1.53397,1.39635,0.107,-82.20357
7/19/17 01:30:00,-42.2566,6.27028,0.818207,1.40334,0.107,-80.55764
7/19/17 02:00:00,-48.7396,3.38026,3.28926,3.33876,0.107,-89.28284
7/19/17 02:30:00,-46.1716,4.31E-02,2.93664,3.42759,0.107,-85.90393
7/19/17 03:00:00,-52.329,6.6029,3.11157,3.39133,0.106,-86.65173
7/19/17 03:30:00,-50.9316,6.2932,3.03087,3.32371,0.106,-87.35873
7/19/17 04:00:00,-50.6736,3.17476,3.62893,2.63961,0.106,-86.50961
7/19/17 04:30:00,-60.5697,8.2048,5.2434,3.34471,0.106,-87.85841
7/19/17 05:30:00,-51.9487,3.66251,5.962,3.52341,0.105,-86.03717
7/19/17 06:00:00,-51.7663,2.30657,6.67731,2.9211,0.105,-82.87926
7/19/17 06:30:00,-43.6248,2.20559,4.1689,2.50186,0.105,-67.06802
7/19/17 07:00:00,-29.2858,4.36521,3.36489,2.09516,0.105,-45.00381
7/19/17 07:30:00,-23.0932,8.83127,2.30593,2.01418,0.105,-15.80095
7/19/17 08:00:00,-23.4884,16.4919,4.46684,3.0398,0.105,20.01123
7/19/17 09:00:00,17.1229,33.5673,5.03022,3.49201,0.105,179.5415
7/19/17 10:00:00,77.839,57.1405,3.3617,4.39126,0.105,352.5231
7/19/17 10:30:00,112.704,55.3116,2.87402,4.82994,0.105,389.5692
7/19/17 11:00:00,147.127,108.48,0.852142,4.22073,0.105,430.5214
7/19/17 11:30:00,109.432,44.1269,0.48752,3.35237,0.105,485.9638
7/19/17 12:00:00,202.33,104.587,0.838908,4.89591,0.106,559.2087
7/19/17 12:30:00,205.332,95.0126,1.70465,7.33072,0.106,277.5936
7/19/17 13:00:00,133.533,69.1626,1.87023,3.81622,0.107,379.7813
7/19/17 13:30:00,159.276,91.7935,0.27863,3.14121,0.107,310.6187
7/19/17 14:00:00,199.359,124.408,1.63024,6.43744,0.107,552.6622
7/19/17 14:30:00,162.499,100.533,0.936038,4.45667,0.108,337.4641
7/19/17 15:00:00,264.509,162.879,1.03405,2.72824,0.108,604.7316
7/19/17 15:30:00,195.479,122.505,0.656788,3.00306,0.108,583.2296
7/19/17 16:00:00,242.478,108.978,0.419715,4.61564,0.109,563.445
7/19/17 17:00:00,66.0923,64.6827,1.07792,3.95091,0.109,116.9934
7/19/17 17:30:00,78.2768,67.855,0.732485,3.55994,0.109,100.6016
7/19/17 18:00:00,65.6161,90.3415,1.51686,2.27084,0.108,248.6889
7/19/17 18:30:00,31.7566,50.4303,1.14132,2.66481,0.108,259.1806
7/19/17 19:00:00,54.0511,53.7607,0.662594,1.02238,0.108,159.1375
7/19/17 19:30:00,22.7239,32.9379,1.47247,1.03706,0.108,148.1709
7/19/17 20:00:00,30.2848,30.4415,0.864516,1.50117,0.107,75.81887
7/19/17 21:00:00,-11.9034,52.4717,1.19136,0.926108,0.107,-40.02526
7/19/17 21:30:00,-15.8925,9.56335,1.53194,0.675231,0.107,-59.95499
7/19/17 22:00:00,-18.5615,6.55964,1.70586,0.704976,0.106,-73.49535
7/19/17 22:30:00,-16.8605,4.15415,1.47765,0.368538,0.105,-63.3513
7/19/17 23:00:00,-19.4495,4.16199,0.866572,0.608632,0.105,-49.3377
7/19/17 23:30:00,-18.4721,3.12248,1.4329,0.539888,0.105,-71.32732
7/20/17 00:00:00,-44.6104,12.0358,3.7568,0.774258,0.104,-82.55844
7/20/17 00:30:00,-38.5707,9.01353,4.04194,0.799264,0.104,-83.65059
7/20/17 01:00:00,-46.3147,9.39128,3.52615,0.741525,0.104,-83.20961
7/20/17 01:30:00,-33.1746,5.69464,3.44649,0.78421,0.103,-80.8425
7/20/17 02:00:00,-37.11,3.97599,2.64049,0.784066,0.103,-78.39522
7/20/17 02:30:00,-26.5509,3.03386,1.87053,0.688998,0.103,-76.57123
7/20/17 03:00:00,-22.2772,1.8094,1.74507,0.49357,0.103,-73.2512
7/20/17 03:30:00,-11.1901,0.478768,1.9511,0.258416,0.102,-72.84299
7/20/17 04:00:00,-14.0181,0.782266,2.16228,0.251454,0.102,-73.70229
7/20/17 04:30:00,-5.50888,-0.20151,1.55339,0.12913,0.102,-68.53374
7/20/17 05:00:00,-5.76763,-2.74E-02,1.63048,0.161582,0.102,-69.97261
7/20/17 05:30:00,-18.4295,0.69375,2.11467,0.245465,0.101,-71.26227
7/20/17 06:00:00,-33.4244,3.39655,2.70673,0.821491,0.101,-69.27984
7/20/17 06:30:00,-25.2532,3.9878,2.26759,0.944171,0.101,-28.03856
7/20/17 07:00:00,-25.839,13.1592,2.04847,1.21353,0.101,-10.57592
7/20/17 07:30:00,-28.3155,21.5696,2.67683,1.34627,0.101,13.6449
7/20/17 08:00:00,-12.5989,23.3371,3.1522,4.46204,0.101,25.06378
7/20/17 09:00:00,-8.91336,35.7928,3.41757,2.75565,0.101,73.06452
7/20/17 09:30:00,9.26362,35.7519,5.34387,3.43282,0.101,96.40192
7/20/17 10:00:00,23.6127,29.2906,4.18576,3.38613,0.101,135.6024
7/20/17 10:30:00,64.9875,36.3182,0.926107,4.95432,0.101,208.6079
7/20/17 11:30:00,146.977,66.1587,2.27078,4.22213,0.101,508.5497
7/20/17 12:00:00,184.802,102.85,3.40216,3.30008,0.101,397.9771
7/20/17 12:30:00,149.99,93.7526,3.82937,11.0292,0.102,296.815
7/20/17 13:00:00,157.451,92.0701,1.65439,13.9022,0.102,450.3456
7/20/17 13:30:00,171.262,82.4389,3.63852,9.02021,0.102,389.3234
7/20/17 14:00:00,116.087,51.0404,3.18505,6.15218,0.103,99.81373
7/20/17 15:00:00,172.661,70.4626,3.97461,9.91424,0.103,333.467
7/20/17 15:30:00,173.917,55.8512,5.75651,10.1408,0.103,442.1954
7/20/17 16:30:00,150.624,81.1522,7.71877,8.2361,0.103,466.2754
7/20/17 17:00:00,115.77,57.9915,7.69248,11.17,0.103,147.4846
7/20/17 18:00:00,89.7309,69.5667,5.04104,10.2174,0.103,218.2025
7/20/17 18:30:00,41.0281,40.4041,5.81791,9.0187,0.103,124.0059
7/20/17 19:00:00,8.38541,14.2025,2.39183,7.3496,0.103,24.52261
7/20/17 21:00:00,-27.9778,75.7201,9.66677,7.32631,0.101,-22.43459
7/20/17 23:00:00,-46.4334,42.7068,3.18261,6.19743,0.1,-69.58247
7/20/17 23:30:00,-49.5004,-10.8378,1.35608,6.27028,0.099,-49.97211
7/21/17 00:00:00,-33.5386,53.0897,0.479034,3.5483,0.099,-38.64923
7/21/17 03:30:00,-50.7199,49.8361,9.94043,6.65532,0.098,-66.52628
7/21/17 04:00:00,-48.8779,40.3451,10.4484,7.28643,0.098,-73.01099
7/21/17 04:30:00,-50.4509,57.384,10.8171,10.192,0.098,-56.39013
7/21/17 05:00:00,-43.5333,76.7876,11.9503,10.6645,0.098,-47.47327
7/21/17 05:30:00,-40.4091,50.277,12.2018,12.1484,0.098,-60.29415
7/21/17 06:00:00,-49.5867,55.9645,10.512,9.17019,0.098,-62.39973
7/21/17 06:30:00,-35.1383,17.1921,9.98322,9.57681,0.098,-46.65972
7/21/17 07:00:00,-26.3125,41.4665,10.6219,9.73403,0.098,-25.60312
7/21/17 07:30:00,-21.3579,43.2007,10.1963,10.6636,0.098,3.664102
7/21/17 08:00:00,-18.1516,38.6505,9.73687,10.5908,0.098,8.219959
7/21/17 08:30:00,-4.46504,33.3142,8.08543,14.082,0.098,72.40707
7/21/17 09:00:00,7.47379,41.9027,6.62865,11.5399,0.098,56.48436
7/21/17 09:30:00,10.9616,45.2562,7.46835,10.7266,0.098,92.13962
7/21/17 10:00:00,29.7428,59.0269,6.69277,10.1403,0.098,123.7309
7/21/17 10:30:00,34.3409,49.4525,7.84169,9.74305,0.098,128.9339
7/21/17 11:00:00,50.076,59.035,5.97815,9.12914,0.098,169.1332
7/21/17 11:30:00,81.3642,70.7776,7.69532,10.2036,0.098,394.119
7/21/17 12:00:00,123.88,94.8791,8.2252,12.1457,0.098,290.5104
7/21/17 12:30:00,91.3855,42.5604,3.62752,11.1644,0.099,217.8376
7/21/17 13:00:00,96.2198,78.4443,4.7492,10.7866,0.099,184.7042
7/21/17 13:30:00,161.864,86.298,8.86188,11.9494,0.099,715.0872
7/21/17 14:00:00,248.585,103.606,9.89267,9.75445,0.1,757.876
7/21/17 14:30:00,284.343,104.277,10.8975,7.45346,0.1,770.4199
7/21/17 15:00:00,328.656,117.001,9.83431,9.51818,0.101,730.0453
7/21/17 15:30:00,277.537,102.017,8.32228,6.04505,0.102,636.9456
7/21/17 16:00:00,254.428,90.3098,7.83106,7.91785,0.102,477.7916
7/21/17 16:30:00,226.407,65.0585,8.24028,7.03804,0.103,421.4123
7/21/17 17:30:00,69.6466,33.0457,7.19305,6.0451,0.103,162.481
7/21/17 18:00:00,70.4345,25.9035,8.34884,4.9594,0.103,144.9557
7/21/17 18:30:00,61.7601,39.4574,8.79328,5.89463,0.103,125.5661
7/21/17 19:00:00,100.921,50.7261,8.76423,7.51433,0.102,157.548
7/21/17 19:30:00,46.1151,39.0362,7.29354,7.93437,0.102,53.92978
7/21/17 20:00:00,10.7723,40.8772,2.49346,6.91327,0.102,17.86375
7/21/17 21:00:00,-9.60785,18.3765,1.33326,3.04845,0.101,-23.19599
7/21/17 21:30:00,-14.4957,9.21977,0.515375,3.63516,0.101,-46.68371
7/21/17 22:00:00,-30.3321,27.9645,6.65021,9.95344,0.101,-62.52504
7/21/17 22:30:00,-36.6941,12.8406,4.59677,7.59947,0.101,-69.92491
7/21/17 23:00:00,-21.809,4.61783,0.420203,1.97788,0.1,-61.72358
7/21/17 23:30:00,-21.0269,-0.542969,0.692821,1.70064,0.1,-72.15585
7/22/17 00:00:00,-55.7013,13.2702,2.52428,7.14332,0.1,-73.90193
7/22/17 00:30:00,-32.2224,3.78053,1.63458,3.54915,0.1,-57.49714
7/22/17 01:00:00,-36.4835,7.34059,5.03879,8.88443,0.099,-43.48907
7/22/17 02:00:00,-19.7226,7.94762,1.10892,2.66133,0.099,-15.98908
7/22/17 03:00:00,-8.49423,7.77988,0.45813,1.31967,0.099,-23.16743
7/22/17 03:30:00,-19.6894,6.72417,1.34214,2.50169,0.099,-41.11219
7/22/17 04:00:00,-20.912,16.2796,6.83E-02,1.74515,0.099,-31.16364
7/22/17 04:30:00,-17.0491,9.25743,0.899035,3.43153,0.099,-37.92677
7/22/17 05:00:00,-48.4175,13.2579,1.97846,5.39161,0.099,-60.31649
7/22/17 05:30:00,-29.3507,9.98749,1.65299,5.95311,0.099,-37.47298
7/22/17 06:00:00,-41.8583,9.41248,3.22687,5.81903,0.099,-56.59932
7/22/17 06:30:00,-29.9219,9.63556,2.00005,6.77062,0.099,-34.79277
7/22/17 07:00:00,-29.3461,17.9489,0.854893,3.3419,0.099,1.291943
7/22/17 07:30:00,-1.68873,9.60796,0.437366,1.69212,0.099,92.93945
7/22/17 08:00:00,3.74687,35.6453,0.968422,3.25805,0.099,39.68691
7/22/17 09:00:00,30.1322,34.8768,0.874119,2.90181,0.099,110.081
7/22/17 09:30:00,14.5805,55.6818,1.16037,4.3507,0.099,103.73
7/22/17 10:00:00,60.7083,31.8853,0.860924,2.96251,0.099,317.6506
7/22/17 10:30:00,129.971,124.962,1.69373,7.85981,0.099,381.2671
7/22/17 11:00:00,178.653,108.496,2.05471,7.31538,0.1,519.366
7/22/17 11:30:00,237.916,134.525,2.69435,8.24753,0.1,586.9556
7/22/17 12:00:00,301.554,143.535,2.60687,7.05422,0.101,657.337
7/22/17 12:30:00,260.614,104.596,5.0614,10.5443,0.102,543.2609
7/22/17 13:00:00,163.772,58.1126,6.59103,11.3061,0.102,266.115
7/22/17 13:30:00,112.472,60.5891,3.79004,10.0663,0.103,247.5093
7/22/17 14:00:00,142.4,73.2571,2.20866,8.91574,0.103,245.3954
7/22/17 14:30:00,85.5203,65.3592,0.905746,8.35671,0.103,192.4673
7/22/17 15:00:00,63.6414,56.7716,1.22599,5.11637,0.103,167.7679
7/22/17 15:30:00,62.7498,63.0184,1.5949,5.41781,0.103,206.7584
7/22/17 16:00:00,84.863,82.3475,2.12551,6.60564,0.103,201.6283
7/22/17 16:30:00,84.7091,83.2391,1.19743,4.83569,0.103,273.0688
7/22/17 17:00:00,62.5337,80.9448,1.65328,6.28354,0.103,198.7715
7/22/17 17:30:00,74.8591,54.8677,5.84213,12.4301,0.103,112.6227
7/22/17 18:00:00,64.2812,28.9374,7.02308,11.557,0.103,104.8506
7/22/17 18:30:00,39.3667,38.9723,6.05497,11.0209,0.103,83.67891
7/22/17 19:00:00,21.8761,34.9904,2.50967,7.07472,0.103,57.16392
7/22/17 19:30:00,18.7085,33.2763,4.13219,9.47855,0.103,47.05264
7/22/17 20:00:00,16.604,42.3533,4.54408,14.3333,0.103,22.5344
7/22/17 20:30:00,-7.5198,23.4406,8.17941,14.2607,0.103,-1.82537
7/22/17 21:00:00,-8.20131,20.7761,8.93504,13.0904,0.102,-14.5865
7/22/17 22:00:00,-33.7655,26.1531,2.3479,9.0251,0.102,-43.80423
7/22/17 22:30:00,-21.9518,3.8289,1.64438,4.79129,0.102,-35.656
7/22/17 23:00:00,-28.8254,7.52262,0.619485,5.34956,0.102,-45.53088
7/23/17 00:00:00,-26.1943,6.1279,1.82852,7.46707,0.101,-29.00667
7/23/17 01:00:00,-10.3334,6.62647,1.77306,3.47379,0.101,-13.59631
7/23/17 01:30:00,-14.8172,2.74375,2.94446,3.26418,0.101,-14.74908
7/23/17 02:00:00,-15.1811,6.27465,3.54886,4.72598,0.101,-20.55042
7/23/17 02:30:00,-13.0687,6.04802,1.05068,1.89482,0.101,-17.82106
7/23/17 03:00:00,-18.9889,5.09322,2.51022,4.92484,0.101,-32.29659
7/23/17 03:30:00,-19.9741,3.55955,0.4378,2.5247,0.101,-15.549
7/23/17 04:30:00,-21.7726,6.63506,1.80074,2.9141,0.101,-32.16685
7/23/17 05:00:00,-20.9494,9.25536,3.1282,3.57523,0.101,-18.43032
7/23/17 05:30:00,-17.3611,6.77992,2.57068,3.78477,0.101,-17.89991
7/23/17 06:00:00,-20.2784,5.63794,2.78538,2.99894,0.101,-22.45157
7/23/17 06:30:00,-19.4763,11.0709,2.36591,2.33223,0.101,-6.106714
7/23/17 09:00:00,29.6884,41.1129,4.21088,5.4372,0.101,117.801
7/23/17 09:30:00,49.2359,58.6064,4.57568,5.1022,0.101,184.6254
7/23/17 10:00:00,65.5657,69.3228,4.82885,5.00046,0.101,200.5524
7/23/17 10:30:00,46.8566,58.686,3.88867,4.22645,0.101,226.1266
7/23/17 11:00:00,74.5042,79.5106,4.20668,5.15877,0.101,208.154
7/23/17 11:30:00,51.9774,49.47,3.69461,6.72727,0.101,317.6552
7/23/17 12:00:00,94.8018,69.6359,4.93257,5.49793,0.101,262.4832
7/23/17 12:30:00,128.559,87.3128,4.5317,6.37336,0.102,344.7742
7/23/17 13:00:00,117.893,78.8953,3.34554,7.47837,0.102,288.9176
7/23/17 13:30:00,83.6488,81.9676,2.16841,5.39892,0.102,302.747
7/23/17 14:00:00,188.666,137.646,2.76715,8.91371,0.102,396.0463
7/23/17 14:30:00,89.1529,64.0226,1.0042,4.83737,0.103,259.2247
7/23/17 15:00:00,93.5722,58.6708,1.99477,7.55715,0.103,263.0906
7/23/17 15:30:00,109.611,66.1042,0.274685,6.51228,0.103,268.6985
7/23/17 16:00:00,119.587,87.0754,1.72863,6.84022,0.104,324.3939
7/23/17 17:00:00,44.5443,44.6748,0.388669,5.37416,0.104,123.9276
7/23/17 17:30:00,34.3303,46.8564,0.379967,3.25494,0.104,107.4359
7/23/17 18:00:00,42.3264,37.2014,0.670306,8.44881,0.104,163.5887
7/23/17 18:30:00,53.6014,42.1046,1.54007,6.14098,0.104,129.8466
7/23/17 19:00:00,2.95578,33.1906,1.54867,3.67157,0.104,29.91294
7/23/17 21:00:00,-34.6278,105.306,6.7952,4.39841,0.103,-8.902636
7/23/17 21:30:00,-32.0013,53.8944,6.50906,4.49004,0.103,-22.24926
7/23/17 22:00:00,-20.5933,15.7309,4.03947,2.7276,0.102,-47.76738
7/23/17 22:30:00,-16.0303,3.02609,5.55151,4.31548,0.102,-46.2685
7/24/17 01:30:00,-76.3381,69.6605,9.96631,11.3145,0.101,-79.65943
7/24/17 02:00:00,-77.4074,94.9924,9.81176,10.3603,0.101,-84.98071
7/24/17 02:30:00,-68.7119,74.0738,8.09844,10.185,0.1,-89.41222
7/24/17 03:00:00,-79.6266,44.4617,7.9806,8.28807,0.1,-89.90131
7/24/17 03:30:00,-71.0873,37.9169,8.18705,6.67596,0.099,-91.92936
7/24/17 04:00:00,-68.9319,46.7856,8.24768,6.65256,0.099,-92.2673
7/24/17 04:30:00,-68.3873,64.9658,10.0836,7.32162,0.099,-93.73222
7/24/17 05:00:00,-66.1156,47.7399,10.1795,5.74128,0.098,-93.62961
7/24/17 05:30:00,-63.6292,41.3573,9.77999,6.12875,0.098,-94.13457
7/24/17 06:00:00,-64.5613,27.5344,10.2554,6.79813,0.098,-93.26579
7/24/17 06:30:00,-62.0964,41.6388,9.65799,9.56205,0.098,-65.15983
7/24/17 07:00:00,-53.1877,45.5474,7.6013,11.0659,0.098,-11.05703
7/24/17 07:30:00,-35.2607,36.5756,7.06382,8.80674,0.098,44.96371
7/24/17 08:00:00,-14.6032,50.8959,7.20072,7.14466,0.097,114.1453
7/24/17 09:30:00,66.3534,89.9227,1.91422,4.33814,0.098,308.8837
7/24/17 10:00:00,94.233,87.1948,5.41473,4.48767,0.098,381.5573
7/24/17 10:30:00,115.154,109.261,4.80273,6.66894,0.098,441.3544
7/24/17 11:00:00,141.768,100.595,6.90706,8.7024,0.099,506.9351
7/24/17 11:30:00,165.478,96.3747,3.67761,7.76787,0.099,543.3268
7/24/17 12:00:00,212.87,130.538,4.57584,6.00054,0.1,586.067
7/24/17 12:30:00,217.297,125.457,5.04622,8.51808,0.1,616.2986
7/24/17 13:00:00,235.16,135.228,5.62804,9.86639,0.101,660.3824
7/24/17 13:30:00,233.638,114.878,5.76131,11.1092,0.102,652.0809
7/24/17 14:00:00,291.696,144.888,4.82157,8.45252,0.102,669.2884
7/24/17 14:30:00,291.13,140.749,4.82583,9.39462,0.103,640.9584
7/24/17 15:00:00,239.025,108.625,7.4918,7.67951,0.104,423.836
7/24/17 15:30:00,258.338,118.117,5.35231,11.7382,0.104,693.4839
7/24/17 16:00:00,260.532,132.81,5.50643,12.2243,0.105,473.9199
7/24/17 16:30:00,252.346,94.3475,6.58785,8.98307,0.105,482.225
7/24/17 17:00:00,205.961,81.4895,5.39913,10.7907,0.105,418.9167
7/24/17 17:30:00,164.476,77.2747,4.3578,7.24179,0.105,432.3314
7/24/17 18:00:00,210.514,79.9263,5.95587,7.09824,0.105,350.8948
7/24/17 18:30:00,124.343,59.2658,4.25842,4.52675,0.105,208.822
7/24/17 19:00:00,113.283,51.8626,4.28611,4.56562,0.105,100.6753
7/24/17 19:30:00,82.6665,44.9085,3.68125,3.55648,0.105,87.5182
7/24/17 20:00:00,48.7938,41.6689,2.63631,2.96214,0.104,38.17443
7/24/17 20:30:00,47.5255,35.5908,4.52579,1.99507,0.104,4.063593
7/24/17 21:00:00,-16.2626,10.7976,4.15815,2.06244,0.103,-75.07516
7/24/17 21:30:00,-20.848,3.46826,3.25133,2.12773,0.103,-81.38036
7/24/17 22:00:00,-34.9184,7.50386,3.41144,2.07735,0.102,-87.58232
7/27/17 00:00:00,-4.80153,-7.63E-02,1.17462,0.238569,0.097,-70.61452
7/27/17 00:30:00,-14.8827,0.886272,1.10575,0.459171,0.097,-71.76387
7/27/17 01:00:00,-11.5542,0.32902,0.843866,0.969068,0.096,-74.7711
7/27/17 01:30:00,-27.6328,3.15379,1.8009,1.0694,0.096,-78.77095
7/27/17 02:00:00,-12.3041,0.917539,0.630713,0.393196,0.095,-68.76321
7/27/17 02:30:00,-9.95581,0.413184,0.529484,0.436353,0.095,-65.42685
7/27/17 03:00:00,-30.4453,2.06656,0.901938,0.414371,0.095,-68.27393
7/27/17 03:30:00,-14.7574,1.28963,0.653638,0.299749,0.094,-57.16929
7/27/17 04:00:00,-5.34605,7.65E-02,0.429226,0.161286,0.094,-57.03378
7/27/17 04:30:00,-24.7616,5.53593,1.32053,0.857579,0.094,-61.59666
7/27/17 05:00:00,-23.4854,3.62931,1.90302,1.148,0.094,-66.01649
7/27/17 05:30:00,-23.4787,3.76364,2.33858,0.536545,0.094,-62.35546
7/27/17 06:00:00,-12.2642,2.13548,2.02774,0.338431,0.093,-50.84307
7/27/17 06:30:00,-12.3451,1.02197,0.687982,0.286738,0.093,-31.9616
7/27/17 07:00:00,-5.40803,5.06278,0.475198,0.265792,0.093,26.53221
7/27/17 07:30:00,-1.28139,25.6908,1.06718,0.483804,0.093,53.70686
7/27/17 08:00:00,3.90164,34.7123,2.93439,1.78473,0.093,91.42475
7/27/17 08:30:00,23.5241,78.6164,4.14337,1.13174,0.093,189.1614
7/27/17 09:00:00,59.7804,70.0159,3.78545,1.50479,0.093,238.1129
7/27/17 09:30:00,70.7588,98.5415,3.89888,2.22178,0.093,289.0716
7/27/17 10:00:00,78.026,82.3118,4.60196,1.81986,0.093,346.8465
7/27/17 10:30:00,102.164,91.8988,4.30618,1.91698,0.093,404.1764
7/27/17 11:00:00,110.229,96.8107,3.81618,2.43681,0.093,450.3703
7/27/17 11:30:00,179.996,105.707,1.74823,4.57905,0.094,487.0952
7/27/17 12:00:00,219.634,121.789,1.59032,4.66101,0.094,529.2034
7/27/17 12:30:00,183.375,97.6556,0.920517,4.72063,0.095,544.5193
7/27/17 13:00:00,247.756,134.483,1.51614,4.51879,0.095,562.7765
7/27/17 13:30:00,229.546,123.826,0.726082,4.9566,0.096,580.8801
7/27/17 14:00:00,217.586,79.6388,4.24087,5.1562,0.096,344.6723
7/27/17 14:30:00,154.272,68.0708,4.04803,5.09361,0.097,182.7977
7/27/17 15:00:00,197.846,84.0211,3.81773,5.1133,0.097,314.4095
7/27/17 15:30:00,164.507,59.7647,5.94365,5.04236,0.097,438.7554
7/27/17 16:00:00,178.349,69.4959,1.39422,7.24115,0.097,300.7714
7/27/17 16:30:00,84.6514,50.2452,1.46258,4.78196,0.097,106.4807
7/27/17 17:00:00,94.5813,59.6932,1.79066,4.27394,0.097,268.2606
7/27/17 17:30:00,97.8307,70.6477,2.89968,4.17631,0.097,260.278
7/27/17 18:00:00,47.263,41.2654,1.63703,3.17807,0.097,85.32674
7/27/17 18:30:00,52.2113,44.5803,2.21282,4.59407,0.097,160.6724
7/27/17 19:00:00,23.3328,46.2623,3.10211,7.43275,0.096,100.4154
7/27/17 19:30:00,9.02991,22.7194,1.9547,3.46893,0.096,155.9594
7/27/17 20:00:00,-12.7055,29.0038,2.49541,3.56012,0.096,-20.58629
7/27/17 20:30:00,-21.8269,11.4723,1.66298,2.32504,0.096,-36.64149
7/27/17 21:00:00,-30.19,31.6758,2.47538,4.54759,0.095,-37.18262
7/27/17 21:30:00,-23.9867,23.4567,1.78569,6.80272,0.095,-37.36059
7/27/17 22:00:00,-19.7573,4.86794,5.40732,4.29422,0.095,-46.90454
7/27/17 22:30:00,-16.9941,-3.30067,5.07343,4.97139,0.094,-74.27783
7/27/17 23:00:00,-22.4072,-0.671515,4.04866,1.27542,0.094,-64.558
7/27/17 23:30:00,-23.6089,3.63103,5.34489,2.50091,0.093,-36.97403