Time,H,LE,q,ws,wd,air_temp,TKE,rad,VWC
7/01/17 00:30:00,-42.6337,1.94E+01,1.39E-02,0.895544,115.047,281.92,0.182577,-19.38216,0.341
7/01/17 01:00:00,-52.5624,1.59E+01,1.38E-02,1.21144,118.909,282.091,0.272189,-35.96032,0.164
7/01/17 01:30:00,-43.1849,9.69E+00,1.38E-02,1.00473,117.967,281.808,0.247109,-40.89558,0.164
7/01/17 02:00:00,-45.9832,8.87E+00,1.4E-02,0.931084,131.206,280.906,0.205772,-35.03687,0.165
7/01/17 02:30:00,-18.7039,3.98E+00,1.39E-02,0.817831,126.2,280.577,0.132198,-38.1272,0.165
7/01/17 03:00:00,-22.3025,6.36E+00,1.39E-02,0.783989,129.27,280.176,0.124804,-37.07958,0.165
7/01/17 03:30:00,-46.894,1.7E+01,1.38E-02,0.953281,123.81,280.421,0.246717,-32.39349,0.165
7/01/17 04:00:00,-33.4054,1.45E+01,1.38E-02,0.90463,128.241,280.104,0.158851,-30.13286,0.165
7/01/17 04:30:00,-15.527,9.89E+00,1.4E-02,0.836489,124.263,2.8E+02,9.02E-02,-31.17472,0.165
7/01/17 05:00:00,-22.1989,1.38E+01,1.4E-02,1.00004,121.27,280.386,0.143327,-26.05778,0.165
7/01/17 05:30:00,-25.5401,7.94E+00,1.37E-02,1.01197,114.722,280.64,0.121807,-35.24701,0.165
7/01/17 06:00:00,-43.0303,6.35E-01,1.37E-02,1.03741,124.031,279.304,0.23334,-50.67569,0.165
7/01/17 06:30:00,-26.4984,-5.76E+00,1.38E-02,1.05534,133.001,278.66,0.195797,-45.55589,0.165
7/01/17 07:00:00,-18.4287,3.81E+00,1.41E-02,0.939451,128.068,280.075,0.148104,-41.87645,0.165
7/01/17 07:30:00,-51.6699,1.75E+01,1.4E-02,0.958951,94.0666,283.739,0.318417,-30.24276,0.165
7/01/17 08:00:00,-11.1115,3.84E+01,1.42E-02,1.04464,82.2594,285.425,0.506444,55.28642,0.165
7/01/17 08:30:00,12.4782,4E+01,1.43E-02,0.985461,92.5113,285.962,0.683359,112.4611,0.165
7/01/17 09:00:00,58.1213,7.56E+01,1.44E-02,0.940609,112.474,286.685,0.76341,175.7807,0.165
7/01/17 09:30:00,47.0329,7.88E+01,1.42E-02,1.33812,117.899,287.181,1.20531,245.1847,0.165
7/01/17 10:00:00,76.5246,1.19E+02,1.43E-02,1.29491,92.3616,287.774,0.73556,302.2828,0.165
7/01/17 10:30:00,37.5902,1.18E+02,1.42E-02,1.23288,112.116,288.172,1.16333,348.6022,0.166
7/01/17 11:00:00,49.0538,8.95E+01,1.38E-02,0.446612,188.926,288.363,1.4408,301.7056,0.166
7/01/17 11:30:00,107.126,1.61E+02,1.4E-02,0.449417,248.266,289.296,1.18434,339.8596,0.166
7/01/17 12:00:00,110.972,1.71E+02,1.37E-02,1.48559,209.217,289.163,1.50297,609.4214,0.166
7/01/17 12:30:00,139.809,1.97E+02,1.37E-02,0.833757,184.406,289.982,1.59172,464.5337,0.166
7/01/17 13:30:00,137.336,1.97E+02,1.34E-02,1.3114,268.607,290.283,1.37661,537.5544,0.166
7/01/17 14:00:00,162.144,2.21E+02,1.32E-02,0.300585,148.788,290.753,1.8826,291.0962,0.166
7/01/17 14:30:00,78.9781,1.48E+02,1.31E-02,0.217324,302.625,290.545,1.28856,543.7648,0.166
7/01/17 15:00:00,37.8166,9.64E+01,1.34E-02,0.291085,320.989,290.328,0.822192,754.9579,0.165
7/01/17 15:30:00,169.492,2.22E+02,1.35E-02,1.24012,237.553,290.88,2.26507,254.9978,0.165
7/01/17 16:30:00,99.8909,1.53E+02,1.32E-02,0.457222,326.537,290.511,2.5382,203.92,0.165
7/01/17 18:00:00,48.7721,1.23E+02,1.68E-02,2.01185,336.806,285.58,0.956152,657.3943,0.164
7/01/17 18:30:00,25.7852,4.77E+01,1.67E-02,1.16706,307.429,284.464,0.689412,314.2811,0.164
7/01/17 19:00:00,36.8239,5.47E+01,1.65E-02,1.7745,298.209,284.165,0.951386,170.1537,0.166
7/03/17 00:30:00,-45.2541,14.1123,1.51E-02,0.936715,119.143,282.369,0.390523,98.82343,0.166
7/03/17 01:00:00,-69.1137,21.2256,1.49E-02,0.906292,131.55,282.559,0.485459,24.05805,0.165
7/03/17 01:30:00,-89.7871,28.2818,1.47E-02,0.897597,115.86,282.75,0.412518,-50.80963,0.187
7/03/17 02:00:00,-54.6931,11.856,1.45E-02,0.819144,118.358,283.461,0.376163,-59.26465,0.187
7/03/17 02:30:00,-94.1691,28.0299,1.45E-02,0.538752,112.462,283.387,0.744131,-54.87629,0.186
7/03/17 03:30:00,-68.2715,20.9212,1.43E-02,0.587603,106.387,283.291,0.585428,-58.44162,0.186
7/03/17 04:00:00,-107.68,28.508,1.43E-02,0.389918,104.326,283.206,0.608454,-59.01412,0.186
7/03/17 04:30:00,-70.8908,16.4459,1.43E-02,0.373763,93.3776,283.254,0.715646,-57.18726,0.186
7/03/17 05:30:00,-66.1058,17.3459,1.44E-02,0.692272,117.131,283.089,0.719509,-59.49196,0.186
7/03/17 06:00:00,-80.4984,13.6361,1.45E-02,0.454077,116.457,282.63,0.78254,-59.41975,0.186
7/03/17 06:30:00,-45.9482,13.3492,1.48E-02,0.738007,106.898,282.232,0.626794,-57.08662,0.186
7/03/17 07:00:00,-41.7076,19.8242,1.5E-02,0.758653,83.7086,282.842,0.550976,-47.04818,0.187
7/03/17 08:00:00,-16.8567,80.5872,1.47E-02,0.642018,290.871,286.041,1.96756,-41.3474,0.187
7/03/17 08:30:00,31.468,86.2832,1.46E-02,0.532354,60.0915,286.512,1.89364,-25.40514,0.186
7/03/17 09:00:00,28.1708,81.7909,1.48E-02,0.65008,322.001,286.811,1.90681,169.8515,0.186
7/03/17 09:30:00,39.9744,141.353,1.48E-02,0.680422,280.607,286.482,3.03375,246.5064,0.186
7/03/17 10:00:00,30.7615,95.1392,1.48E-02,1.5274,224.469,286.599,1.85731,353.8002,0.186
7/03/17 10:30:00,52.2107,92.7423,1.44E-02,0.634691,352.449,287.19,4.2288,219.3314,0.186
7/03/17 11:00:00,18.4344,110.846,1.44E-02,0.141521,0.704404,287.014,1.67889,237.4298,0.186
7/03/17 11:30:00,30.463,99.7832,1.41E-02,1.09048,279.106,287.385,1.78944,340.7601,0.186
7/03/17 12:00:00,16.783,91.5038,1.39E-02,0.38448,297.023,287.657,1.47742,202.1283,0.186
7/03/17 12:30:00,60.5044,188.893,1.36E-02,1.01491,269.488,288.151,2.15394,237.7635,0.185
7/03/17 13:00:00,114.778,215.312,1.35E-02,1.08729,293.086,288.825,2.54876,210.364,0.184
7/03/17 13:30:00,11.3131,111.647,1.35E-02,1.36776,319.727,288.298,1.75918,462.4247,0.184
7/03/17 14:00:00,39.3138,153.774,1.33E-02,1.60362,263.341,288.592,1.97424,372.8157,0.183
7/03/17 14:30:00,110.602,200.766,1.35E-02,0.970964,283.156,289.501,1.88741,131.1292,0.183
7/03/17 15:00:00,116.759,239.368,1.37E-02,0.667969,297.952,289.691,2.23438,287.2459,0.182
7/03/17 15:30:00,94.9244,205.661,1.31E-02,1.40067,289.485,289.445,3.24736,481.4571,0.181
7/03/17 16:30:00,87.4929,161.235,1.26E-02,0.596106,338.939,289.996,2.04978,401.1119,0.181
7/03/17 17:00:00,108.851,212.103,1.18E-02,1.44709,313.828,290.049,2.16112,334.6462,0.181
7/03/17 17:30:00,121.455,267.042,1.15E-02,1.14138,288.737,289.925,2.52627,525.8123,0.18
7/03/17 18:00:00,66.4847,224.724,1.11E-02,0.335882,349.07,289.638,3.83866,528.9056,0.179
7/03/17 18:30:00,75.742,162.65,1.13E-02,1.62377,286.099,289.481,1.21552,382.9671,0.179
7/03/17 19:00:00,67.9467,167.287,1.13E-02,1.66512,291.757,288.849,1.62943,339.0344,0.178
7/03/17 19:30:00,45.2639,148.388,1.15E-02,0.982438,290.984,288.424,1.37868,283.4904,0.177
7/03/17 20:00:00,-11.7741,102.288,1.16E-02,0.521262,287.133,287.384,1.62885,229.4755,0.176
7/03/17 20:30:00,-83.3619,61.6376,1.17E-02,1.09087,109.036,286.395,1.79293,159.0931,0.175
7/03/17 21:00:00,-60.4187,36.5108,1.18E-02,0.983912,119.226,286.086,1.82388,-30.65326,0.174
7/03/17 21:30:00,-27.8809,13.2154,1.21E-02,0.602203,97.4717,285.019,0.781693,-65.162,0.174
7/03/17 22:00:00,-17.3789,4.86654,1.24E-02,0.375383,66.1975,283.838,0.729369,-70.14963,0.173
7/03/17 22:30:00,-69.7069,39.1131,1.27E-02,0.5698,120.802,282.128,0.536882,-70.37244,0.173
7/03/17 23:00:00,-79.9068,38.2043,1.26E-02,0.740425,114.774,281.931,0.512194,-76.26,0.173
7/03/17 23:30:00,-81.4159,37.2781,1.26E-02,0.797936,119.567,281.69,0.55201,-75.29356,0.172
7/04/17 00:00:00,-93.362,34.0913,1.24E-02,1.05713,135.955,282.534,0.841347,-73.57895,0.172
7/04/17 00:30:00,-82.0066,32.3386,1.24E-02,0.929646,130.934,282.984,1.00461,-73.32721,0.172
7/04/17 01:00:00,-48.4189,18.5309,1.24E-02,0.948927,130.185,282.217,1.21365,-77.59,0.171
7/04/17 01:30:00,-107.078,42.7391,1.24E-02,0.874561,110.952,282.627,0.931173,-77.80388,0.171
7/04/17 02:00:00,-97.0851,32.9387,1.24E-02,0.881706,115.428,282.506,1.52671,-72.54609,0.171
7/04/17 02:30:00,-150.72,46.3033,1.27E-02,0.585698,105.43,280.216,0.900996,-72.84478,0.171
7/04/17 03:00:00,-40.3475,6.70688,1.29E-02,0.73359,120.523,278.369,0.520343,-74.36866,0.171
7/04/17 03:30:00,-139.004,35.8742,1.29E-02,0.797391,116.897,278.379,0.4248,-67.868,0.171
7/04/17 04:00:00,-73.2218,18.9956,1.31E-02,0.892215,117.479,276.913,0.257307,-66.88045,0.17
7/04/17 04:30:00,-74.6114,17.3057,1.31E-02,0.961373,121.387,276.478,0.246686,-69.3774,0.17
7/04/17 05:00:00,-28.8747,6.79612,1.32E-02,0.84354,135.725,275.715,0.145338,-64.63968,0.17
7/04/17 05:30:00,-24.3509,4.79867,1.31E-02,0.847255,126.145,275.784,0.132619,-65.01382,0.17
7/04/17 06:00:00,-21.3599,3.27732,1.32E-02,0.880874,132.547,275.33,0.112913,-64.42807,0.17
7/04/17 06:30:00,-14.764,2.85E-03,1.33E-02,0.88245,121.064,275.993,0.121515,-62.58768,0.17
7/04/17 07:00:00,-75.7279,29.7885,1.32E-02,0.70678,81.7185,278.564,0.209692,-55.90849,0.17
7/04/17 07:30:00,-71.4001,42.5553,1.29E-02,0.323543,9.72437,281.247,0.664043,-47.87177,0.17
7/04/17 08:30:00,1.69487,45.4296,1.28E-02,0.801163,353.24,283.231,0.582478,-40.31681,0.17
7/04/17 09:00:00,19.9403,78.6131,1.26E-02,0.333012,288.317,284.225,1.12222,40.1964,0.17
7/04/17 09:30:00,41.1738,95.5748,1.27E-02,0.55043,305.245,284.881,0.948921,166.909,0.17
7/04/17 10:00:00,65.1924,123.038,1.27E-02,0.612073,248.075,285.241,1.7404,236.1087,0.17
7/04/17 10:30:00,84.6293,138.119,1.27E-02,0.689715,235.786,285.668,2.06729,302.4595,0.17
7/04/17 11:00:00,107.105,147.93,1.25E-02,1.05456,273.941,285.934,3.04171,373.131,0.17
7/04/17 11:30:00,144.54,204.239,1.24E-02,0.821075,263.35,286.244,3.96232,434.5469,0.17
7/04/17 12:00:00,118.142,208.839,1.24E-02,1.15076,205.061,286.862,3.02068,494.3343,0.17
7/04/17 12:30:00,113.317,153.056,1.24E-02,1.28986,205.975,287.469,3.42647,532.5918,0.17
7/04/17 13:00:00,125.031,190.948,1.23E-02,0.628966,204.983,287.661,3.9504,571.3416,0.17
7/04/17 13:30:00,121.591,160.429,1.23E-02,0.196254,29.3823,288.008,3.40169,609.5933,0.17
7/04/17 14:00:00,191.598,251.887,1.23E-02,1.20259,257.806,288.474,2.88856,627.064,0.17
7/04/17 14:30:00,187.864,227.225,1.24E-02,1.98795,255.829,288.802,3.32146,655.5997,0.17
7/04/17 15:00:00,192.303,263.115,1.27E-02,2.01055,265.174,289.075,2.91545,650.4694,0.169
7/04/17 15:30:00,114.702,164.648,1.28E-02,1.95465,272.362,289.027,3.09666,652.5084,0.169
7/04/17 16:00:00,168.925,262.93,1.28E-02,1.41935,314.374,289.531,2.23839,639.1841,0.169
7/04/17 16:30:00,102.945,186.566,1.28E-02,1.73115,281.783,289.29,1.95766,448.7386,0.168
7/04/17 17:00:00,32.2259,152.39,1.28E-02,1.21335,292.959,288.936,2.29083,569.1251,0.168
7/04/17 17:30:00,48.0378,158.522,1.28E-02,0.537409,177.44,289.391,2.49973,368.3138,0.167
7/04/17 18:00:00,74.6699,163.27,1.28E-02,0.485154,147.965,289.806,1.95602,240.4673,0.167
7/04/17 18:30:00,49.5726,124.371,1.29E-02,1.01398,273.021,289.911,0.69952,368.1974,0.166
7/04/17 19:00:00,12.2071,131.423,1.3E-02,0.782649,327.337,289.439,0.711099,396.0375,0.166
7/04/17 19:30:00,6.58689,120.743,1.3E-02,0.659115,235.635,288.951,0.860661,222.3742,0.165
7/04/17 20:00:00,-69.2574,118.497,1.31E-02,0.699814,146.435,287.644,0.769124,122.2154,0.164
7/04/17 20:30:00,-34.9411,32.0782,1.39E-02,0.579756,126.809,284.746,0.259752,153.7211,0.163
7/04/17 21:00:00,-52.5682,65.5679,1.38E-02,0.855046,114.416,283.067,0.31167,-31.88106,0.162
7/04/17 21:30:00,-112.601,68.4147,1.3E-02,0.73406,106.382,283.959,0.607745,-58.77534,0.162
7/04/17 22:00:00,-99.235,58.0348,1.24E-02,0.94832,145.438,285.156,0.850187,-61.97917,0.161
7/04/17 22:30:00,-130.132,85.4804,1.22E-02,0.852922,115.549,285.217,0.830956,-66.57077,0.161
7/04/17 23:00:00,-75.4751,34.0985,1.21E-02,1.2718,145.583,285.274,0.94933,-74.52879,0.161
7/04/17 23:30:00,-119.413,55.9951,1.22E-02,1.21013,133.551,285.128,1.13302,-73.4185,0.161
7/05/17 00:30:00,-70.8008,31.8563,1.2E-02,1.06861,116.61,285.542,1.03596,-75.6331,0.16
7/05/17 01:00:00,-28.6911,16.5756,1.27E-02,0.424581,115.97,281.885,0.310786,-76.85978,0.16
7/05/17 01:30:00,-57.2992,26.6047,1.27E-02,0.600255,98.1338,281.152,0.269542,-69.05497,0.159
7/05/17 02:00:00,-38.4034,12.903,1.28E-02,0.719851,104.568,280.145,0.226019,-63.69946,0.159
7/05/17 02:30:00,-60.4518,25.5667,1.29E-02,0.788596,116.675,279.557,0.196441,-61.43052,0.16
7/05/17 03:30:00,-52.5523,21.1613,1.31E-02,1.03943,125.906,278.223,0.274535,-60.21729,0.159
7/05/17 04:00:00,-47.4349,11.332,1.31E-02,0.984207,126.349,278.079,0.23133,-59.58116,0.159
7/05/17 04:30:00,-77.1502,23.0459,1.32E-02,1.07231,128.246,277.874,0.29036,-60.75765,0.159
7/05/17 05:00:00,-19.806,4.21456,1.33E-02,0.854524,125.182,277.441,9.21E-02,-59.4618,0.159
7/05/17 05:30:00,-46.1984,8.6425,1.33E-02,0.912291,119.279,277.782,0.114199,-58.97983,0.158
7/05/17 06:00:00,-31.9997,9.64411,1.34E-02,1.15648,131.022,277.556,0.118964,-57.99381,0.159
7/05/17 06:30:00,-37.5507,9.58232,1.36E-02,1.19464,131.875,277.845,0.163395,-56.09425,0.159
7/05/17 07:00:00,-64.9374,22.7721,1.38E-02,0.533818,95.3346,279.369,0.379003,-48.46514,0.159
7/05/17 08:00:00,6.49049,32.0516,1.43E-02,0.970031,1.66089,281.024,0.293146,-45.03815,0.159
7/05/17 08:30:00,32.3341,44.137,1.49E-02,0.82185,338.024,281.724,0.179336,-36.16422,0.159
7/05/17 09:00:00,51.4956,57.7546,1.52E-02,0.739286,328.33,282.716,0.181601,100.3951,0.16
7/05/17 09:30:00,69.3281,79.3647,1.55E-02,0.88986,315.486,283.597,0.20899,162.9547,0.16
7/05/17 10:00:00,84.2842,110.416,1.56E-02,1.24594,316.481,284.64,0.262175,231.1577,0.16
7/05/17 10:30:00,100.749,129.748,1.56E-02,1.14087,312.437,285.584,0.279465,297.233,0.159
7/05/17 11:00:00,92.7279,126.072,1.44E-02,0.336088,192.739,287.016,0.91137,361.7208,0.16
7/05/17 11:30:00,80.5443,155.055,1.38E-02,0.450396,200.15,288.067,1.0229,422.2531,0.16
7/05/17 12:00:00,119.481,183.651,1.33E-02,0.421684,314.476,289.279,1.04198,475.8382,0.16
7/05/17 12:30:00,101.973,190.044,1.25E-02,0.592122,220.355,289.965,2.35892,524.1841,0.16
7/05/17 13:00:00,133.424,252.641,1.26E-02,1.14444,194.593,290.604,1.62106,562.0829,0.16
7/05/17 13:30:00,145.687,240.794,1.26E-02,1.61903,219.308,290.822,1.76493,602.7487,0.16
7/05/17 14:00:00,169.075,278.176,1.27E-02,0.792915,237.657,291.132,1.69597,616.7068,0.16
7/05/17 14:30:00,152.819,215.938,1.28E-02,1.17209,298.212,291.534,1.8481,645.8127,0.16
7/05/17 15:00:00,160.096,238.639,1.25E-02,1.8709,274.884,291.483,2.37402,639.7235,0.159
7/05/17 15:30:00,122.86,219.49,1.27E-02,0.736892,300.057,291.867,1.93354,637.6022,0.159
7/05/17 16:30:00,121.742,247.198,1.31E-02,0.336731,196.846,292.149,1.82511,624.2299,0.158
7/05/17 17:00:00,116.588,287.541,1.31E-02,0.887459,153.07,292.263,1.9283,596.1474,0.158
7/05/17 17:30:00,94.4188,217.354,1.31E-02,0.867825,208.177,292.239,1.89656,521.7522,0.157
7/05/17 18:00:00,83.1081,207.996,1.33E-02,0.923198,164.854,292.328,2.24235,473.3707,0.157
7/05/17 18:30:00,67.4087,188.364,1.36E-02,0.451911,217.793,292.389,1.27128,421.8319,0.156
7/05/17 19:00:00,36.4389,158.673,1.35E-02,0.670395,217.592,292.094,0.898769,362.5231,0.155
7/05/17 19:30:00,19.709,138.05,1.35E-02,0.947967,187.994,291.828,0.758387,282.2762,0.154
7/05/17 20:00:00,-101.976,132.126,1.38E-02,0.905394,146.534,289.94,1.20804,204.7876,0.153
7/05/17 20:30:00,-111.64,99.7077,1.37E-02,1.12469,131.098,288.828,0.622561,156.4148,0.152
7/05/17 21:00:00,-63.7937,59.4137,1.46E-02,1.29133,126.131,285.451,0.36644,-48.82531,0.152
7/05/17 21:30:00,-37.4752,28.6338,1.45E-02,0.8636,117.839,284.513,0.266829,-56.32345,0.151
7/05/17 22:00:00,-24.3528,19.2497,1.43E-02,0.901324,119.419,283.88,0.133179,-58.52709,0.15
7/05/17 22:30:00,-28.5109,18.0987,1.44E-02,0.869154,127.458,282.436,0.114807,-60.07958,0.15
7/05/17 23:00:00,-55.4956,31.9429,1.4E-02,1.08725,121.105,282.761,0.240196,-62.98888,0.15
7/05/17 23:30:00,-51.6712,22.5692,1.4E-02,1.00191,123.231,282.27,0.193841,-61.46464,0.149
7/06/17 00:00:00,-57.0616,22.3303,1.41E-02,0.941867,124.604,281.679,0.23282,-65.0903,0.149
7/06/17 00:30:00,-11.5465,3.14648,1.42E-02,0.876147,121.764,280.471,0.162853,-58.92171,0.149
7/06/17 01:00:00,-23.0604,2.51964,1.46E-02,0.914827,120.765,280.51,0.116266,-60.84795,0.149
7/06/17 02:00:00,-32.7326,14.5221,1.47E-02,0.882874,126.366,279.561,0.147273,-59.81056,0.149
7/06/17 02:30:00,-39.6572,22.744,1.48E-02,0.918955,129.686,278.844,0.11601,-60.60859,0.148
7/06/17 03:00:00,-53.1878,4.13038,1.46E-02,0.93278,131.398,279.068,0.165627,-58.7374,0.148
7/06/17 03:30:00,-51.38,16.9319,1.49E-02,0.946684,132.479,278.739,0.171325,-57.71967,0.148
7/06/17 04:00:00,-26.3158,13.707,1.5E-02,0.898507,124.449,278.779,0.106799,-58.59253,0.148
7/06/17 04:30:00,-12.337,5.90743,1.49E-02,0.872278,126.963,278.337,7.32E-02,-60.35809,0.148
7/06/17 05:00:00,-19.2984,11.8615,1.45E-02,0.830465,128.509,278.156,6.64E-02,-56.70127,0.148
7/06/17 05:30:00,-19.3179,3.79894,1.43E-02,0.8128,133.391,277.718,6.58E-02,-55.6401,0.148
7/06/17 06:00:00,-31.3969,12.1167,1.41E-02,0.886211,125.352,278.133,0.103812,-53.40445,0.148
7/06/17 06:30:00,-48.0405,8.20911,1.44E-02,0.919884,125.189,278.566,0.150693,-52.35925,0.148
7/06/17 07:00:00,-42.3982,17.8305,1.43E-02,0.848993,102.695,280.913,0.143748,-46.93637,0.148
7/06/17 07:30:00,-17.3959,20.0905,1.48E-02,0.865974,76.3189,282.055,0.179925,-39.17849,0.148
7/06/17 09:00:00,1.92677,75.9481,1.47E-02,1.21623,62.421,288.133,0.309889,-31.9873,0.148
7/06/17 09:30:00,9.56135,99.0073,1.43E-02,1.44084,66.3844,288.975,0.376926,40.56186,0.148
7/06/17 10:00:00,20.1954,133.654,1.39E-02,1.16007,80.6089,289.857,0.620778,235.0567,0.149
7/06/17 10:30:00,38.4144,146.46,1.33E-02,0.62143,26.6421,290.626,1.20906,300.7921,0.149
7/06/17 11:00:00,54.3767,191.14,1.29E-02,0.672464,70.8392,291.046,1.9045,360.8032,0.149
7/06/17 11:30:00,53.1798,198.609,1.29E-02,0.834438,304.121,290.989,1.81575,421.7321,0.149
7/06/17 12:30:00,15.8273,180.224,1.32E-02,0.326675,225.696,291.219,1.72307,486.1585,0.149
7/06/17 13:30:00,91.5969,232.871,1.28E-02,0.986429,233.63,292.358,1.60685,373.1979,0.149
7/06/17 14:00:00,81.6919,237.965,1.25E-02,1.37478,135.838,292.432,2.99526,371.4658,0.149
7/06/17 14:30:00,108.723,242.009,1.26E-02,0.507624,120.53,293.008,3.21588,665.6758,0.148
7/06/17 15:00:00,81.7004,223.764,1.28E-02,0.664859,239.325,292.957,2.81828,652.1547,0.148
7/06/17 16:00:00,87.2561,209.282,1.28E-02,0.248958,214.982,292.966,2.30356,647.1402,0.148
7/06/17 16:30:00,41.2063,171.591,1.28E-02,0.941096,289.109,293.021,1.57578,480.2253,0.147
7/06/17 17:00:00,87.4941,241.028,1.3E-02,1.159,265.064,293.488,1.93257,566.9895,0.146
7/06/17 17:30:00,25.6498,115.137,1.3E-02,0.594316,333.387,293.101,0.59871,182.3545,0.146
7/06/17 18:00:00,43.9483,162.702,1.3E-02,0.412985,18.2874,293.957,1.26013,404.9329,0.145
7/06/17 18:30:00,-32.7475,106.228,1.3E-02,0.534375,225.871,292.942,0.802178,142.9177,0.145
7/06/17 19:00:00,20.3567,137.353,1.51E-02,0.677017,300.693,292.261,0.522506,394.5351,0.144
7/06/17 19:30:00,-0.634723,75.3169,1.62E-02,1.3349,302.967,291.407,0.573133,48.62958,0.144
7/06/17 20:00:00,-20.8062,51.8719,1.65E-02,0.550137,231.861,290.606,0.490891,212.2637,0.144
7/06/17 21:00:00,-27.1848,23.6137,1.68E-02,1.00907,131.894,287.49,0.2186,125.554,0.143
7/06/17 21:30:00,-22.397,6.82952,1.64E-02,0.862792,118.501,286.467,0.270305,8.803485,0.142
7/06/17 22:00:00,-35.3701,15.045,1.63E-02,1.0726,132.695,284.689,0.353047,-40.67161,0.141
7/06/17 22:30:00,-26.4034,2.5161,1.62E-02,0.976224,122.673,283.626,0.235586,-52.86547,0.141
7/06/17 23:00:00,-25.4085,6.38439,1.63E-02,0.800836,124.612,282.371,0.180368,-65.10239,0.141
7/07/17 00:30:00,-21.8274,2.20036,1.62E-02,0.881889,127.159,281.726,0.121036,-64.8568,0.14
7/07/17 02:00:00,-28.7019,-3.60644,1.62E-02,0.901904,127.814,280.412,0.166638,-60.13454,0.14
7/07/17 02:30:00,-17.6202,3.9E-02,1.62E-02,0.732222,123.444,280.278,7.38E-02,-59.101,0.139
7/07/17 03:00:00,-20.549,-2.51381,1.61E-02,0.827529,137.763,279.551,9.84E-02,-56.94086,0.139
7/07/17 03:30:00,-17.766,-1.68244,1.62E-02,0.833451,122.295,280.655,0.102416,-52.91439,0.139
7/07/17 04:00:00,-19.3512,-0.626198,1.62E-02,0.830629,130.51,279.882,0.107609,-48.14043,0.139
7/07/17 04:30:00,-29.1851,-0.124835,1.62E-02,0.802334,128.252,279.565,8.89E-02,-50.24206,0.14
7/07/17 05:00:00,-25.2122,-4.12927,1.61E-02,0.799356,127.268,279.82,9.5E-02,-55.4518,0.14
7/07/17 05:30:00,-10.0536,-2.69548,1.6E-02,0.767838,127.986,279.165,7.54E-02,-51.20517,0.14
7/07/17 06:00:00,-33.5572,-1.41682,1.6E-02,0.931059,127.571,279.329,0.136321,-53.0648,0.139
7/07/17 06:30:00,-32.3726,4.31009,1.62E-02,1.05752,126.208,280.328,0.177789,-49.80422,0.14
7/07/17 07:00:00,-25.7013,13.9783,1.69E-02,0.796247,114.68,282.715,0.137586,-35.57227,0.14
7/07/17 07:30:00,-24.1131,19.1074,1.68E-02,0.626497,86.9834,283.876,0.149084,-11.94566,0.14
7/07/17 08:00:00,0.178578,20.0431,1.71E-02,0.772897,88.7017,285.19,0.103946,9.718197,0.141
7/07/17 08:30:00,-0.754295,32.7322,1.75E-02,0.552622,53.0633,286.883,8.98E-02,23.16239,0.141
7/07/17 09:00:00,0.331499,100.858,1.66E-02,1.09513,75.9789,288.75,0.928392,103.6092,0.141
7/07/17 09:30:00,-28.4391,115.652,1.62E-02,1.55213,121.154,289.229,1.39936,167.4721,0.141
7/07/17 10:00:00,36.7715,144.112,1.62E-02,0.986476,113.059,290.401,1.25646,234.973,0.141
7/07/17 10:30:00,31.0615,159.044,1.59E-02,0.713035,160.664,291.278,1.28614,300.9107,0.141
7/07/17 11:00:00,67.3464,171.188,1.55E-02,0.306876,346.335,292.268,0.799919,363.28,0.141
7/07/17 11:30:00,75.1855,192.906,1.42E-02,0.956134,287.152,292.98,0.934945,422.1377,0.141
7/07/17 12:00:00,92.0341,199.808,1.38E-02,0.978118,285.682,293.423,1.48289,460.4042,0.141
7/07/17 12:30:00,66.3792,154.528,1.37E-02,0.575956,316.134,293.746,1.74782,526.1852,0.141
7/07/17 13:00:00,94.8303,230.03,1.33E-02,1.48848,237.141,293.932,2.24739,559.2573,0.14
7/07/17 13:30:00,129.328,276.023,1.33E-02,1.48639,256.779,294.169,3.02572,597.7681,0.14
7/07/17 14:00:00,127.331,275.243,1.35E-02,1.54406,258.211,294.581,1.62429,617.2194,0.14
7/07/17 14:30:00,99.0529,222.48,1.35E-02,1.18155,288.028,294.737,1.3118,633.8972,0.139
7/07/17 15:00:00,95.9338,236.685,1.35E-02,0.904021,291.356,294.846,1.48172,637.779,0.138
7/07/17 15:30:00,8.17831,125.718,1.38E-02,1.24055,311.56,294.204,0.964734,590.6708,0.138
7/07/17 16:30:00,5.82268,122.114,1.36E-02,0.415595,327.869,294.269,0.931218,545.1404,0.137
7/07/17 18:00:00,66.582,206.123,1.4E-02,1.12992,247.806,293.804,1.86996,258.6388,0.136
7/07/17 18:30:00,54.6751,199.143,1.41E-02,1.07792,262.511,293.926,1.195,285.7284,0.135
7/07/17 19:00:00,7.5589,137.082,1.44E-02,0.451266,146.822,293.742,1.24407,371.78,0.135
7/07/17 20:30:00,-10.2779,48.5328,1.62E-02,0.773124,134.429,289.398,0.28684,353.4956,0.133
7/07/17 21:00:00,-15.4242,36.2523,1.61E-02,0.722043,116.799,288.011,0.140009,292.4465,0.133
7/07/17 21:30:00,-27.6428,33.4869,1.59E-02,0.897551,126.085,286.748,0.174595,159.2351,0.132
7/07/17 22:00:00,-46.5661,49.3538,1.55E-02,0.952928,122.621,286.71,0.273558,-25.52079,0.131
7/07/17 22:30:00,-38.082,36.6888,1.56E-02,0.799899,115.423,285.916,0.217891,-45.16141,0.13
7/07/17 23:00:00,-28.0065,13.3484,1.52E-02,0.961577,115.296,285.42,0.180714,-34.79283,0.13
7/07/17 23:30:00,-35.4447,16.4941,1.52E-02,0.928395,122.884,284.924,0.1529,-24.83201,0.13
7/08/17 00:00:00,-51.0151,31.9965,1.53E-02,0.95089,124.048,284.407,0.232271,-56.33891,0.13
7/08/17 00:30:00,-51.1114,30.5165,1.53E-02,1.07963,125.84,284.605,0.22418,-55.1277,0.13
7/08/17 01:00:00,-46.2628,27.8255,1.53E-02,1.02468,123.906,284.213,0.18543,-53.82645,0.13
7/08/17 01:30:00,-52.9367,33.1407,1.53E-02,0.885204,118.681,284.411,0.11949,-40.38812,0.129
7/08/17 02:00:00,-43.318,24.6428,1.54E-02,0.891973,132.11,283.785,0.167186,-40.44609,0.129
7/08/17 02:30:00,-46.754,16.0182,1.53E-02,1.0215,124.913,283.194,0.212796,-38.93369,0.129
7/08/17 03:00:00,-56.8775,26.048,1.51E-02,1.11117,121.147,283.241,0.268158,-41.23925,0.129
7/08/17 03:30:00,-73.0247,29.2582,1.5E-02,1.18399,123.239,283.151,0.304297,-48.07314,0.13
7/08/17 04:00:00,-19.9899,6.93454,1.52E-02,0.88409,124.77,282.295,0.138123,-47.82253,0.13
7/08/17 04:30:00,-44.4996,13.3361,1.51E-02,0.899333,118.8,281.943,0.221628,-52.44497,0.129
7/08/17 05:00:00,-19.0667,5.43315,1.52E-02,0.733931,120.506,281.15,7.47E-02,-47.13126,0.129
7/08/17 05:30:00,-18.869,5.54855,1.52E-02,0.805666,129.304,280.615,7.3E-02,-53.0278,0.129
7/08/17 06:00:00,-10.2565,0.702175,1.52E-02,0.783677,126.839,280.402,5.88E-02,-49.7713,0.129
7/08/17 06:30:00,-13.8689,3.01128,1.55E-02,0.720311,122.197,280.598,5.95E-02,-49.79689,0.129
7/08/17 07:00:00,-15.4168,10.8145,1.58E-02,0.695146,108.88,281.706,6.86E-02,-45.2624,0.129
7/08/17 07:30:00,-6.93583,16.1032,1.63E-02,0.740751,113.075,282.754,9.44E-02,-34.80085,0.129
7/08/17 08:30:00,-15.1508,62.0199,1.68E-02,0.723919,74.9452,286.461,0.286821,-22.90578,0.129
7/08/17 09:00:00,4.7271,67.2167,1.59E-02,1.07287,91.9731,288.082,0.728159,6.832464,0.129
7/08/17 09:30:00,14.5604,117.826,1.6E-02,0.391828,40.9906,288.353,1.0359,56.42117,0.129
7/08/17 10:00:00,31.1361,124.214,1.61E-02,0.990938,5.05806,288.676,0.950881,154.7149,0.129
7/08/17 10:30:00,26.63,114.378,1.63E-02,0.572742,95.0634,288.944,0.730183,212.7782,0.13
7/08/17 11:00:00,30.377,127.738,1.63E-02,0.912991,273.277,289.615,0.812545,290.9257,0.13
7/08/17 11:30:00,38.6989,161.253,1.64E-02,0.607332,249.368,290.146,0.911408,255.2319,0.13
7/08/17 12:00:00,21.0753,113.257,1.56E-02,0.615309,289.545,290.912,2.00668,305.3139,0.13
7/08/17 12:30:00,118.32,263.114,1.46E-02,1.11169,225.995,291.825,1.90745,340.2496,0.13
7/08/17 13:00:00,98.0397,247.838,1.41E-02,1.54073,208.539,292.076,2.5282,504.4904,0.13
7/08/17 13:30:00,116.781,237.343,1.39E-02,0.657112,254.706,292.259,2.47762,488.0686,0.129
7/08/17 14:00:00,141.37,318.734,1.37E-02,0.786473,153.286,292.837,3.73677,590.6207,0.129
7/08/17 14:30:00,158.621,337.194,1.35E-02,0.464327,165.5,293.143,2.44398,486.8969,0.128
7/08/17 15:00:00,116.649,248.462,1.3E-02,0.307983,225.862,293.124,1.6347,704.6052,0.128
7/08/17 15:30:00,171.671,372.869,1.27E-02,0.468807,250.568,293.531,2.33036,694.7269,0.127
7/08/17 16:00:00,136.075,286.248,1.29E-02,1.89,243.067,293.631,2.10738,717.7853,0.126
7/08/17 16:30:00,81.4869,237.829,1.3E-02,1.09432,221.322,293.163,1.96406,636.3333,0.126
7/08/17 17:00:00,56.8811,235.96,1.32E-02,0.347482,129.528,293.164,2.46089,646.8199,0.125
7/08/17 17:30:00,80.7235,212.513,1.37E-02,0.447073,276.091,293.526,1.14531,583.3943,0.124
7/08/17 18:00:00,63.1552,171.806,1.37E-02,0.50238,195.272,293.395,2.03583,394.4263,0.124
7/08/17 18:30:00,-3.08331,109.371,1.4E-02,0.114497,253.151,293.175,1.10516,411.441,0.123
7/08/17 19:00:00,-26.8671,101.959,1.39E-02,0.591146,163.53,292.622,1.95961,409.3052,0.122
7/08/17 19:30:00,-0.507356,136.485,1.45E-02,0.607937,279.383,292.549,0.387044,343.0873,0.122
7/08/17 20:00:00,-21.1677,-10.1716,1.56E-02,0.482708,122.819,290.104,0.43597,270.5331,0.121
7/08/17 20:30:00,-16.349,7.37247,1.61E-02,0.46488,121.277,287.425,0.331993,52.90376,0.12
7/08/17 21:00:00,-30.2078,27.9219,1.88E-02,0.588997,143.044,287.335,0.777262,149.5482,0.119
7/08/17 21:30:00,-10.9653,-4.95706,1.95E-02,0.915835,129.431,286.649,0.227744,-40.41602,0.118
7/08/17 22:00:00,-5.35051,-4.36414,1.98E-02,0.781439,120.804,285.849,0.201242,-46.26455,0.118
7/08/17 22:30:00,-14.4628,-15.4464,1.96E-02,0.555091,116.861,284.361,0.145706,-57.44521,0.117
7/08/17 23:00:00,-8.03551,-5.2013,1.93E-02,0.751732,118.301,283.779,0.171305,-57.78035,0.117
7/08/17 23:30:00,-15.8744,-23.233,1.94E-02,0.64438,127.218,282.936,8.39E-02,-61.24754,0.117
7/09/17 00:30:00,-24.8598,-35.363,1.94E-02,1.00999,123.709,282.255,0.196385,-56.65194,0.117
7/09/17 01:00:00,-24.9279,-27.4433,1.94E-02,1.02974,122.412,282.389,0.293465,-59.09943,0.117
7/09/17 01:30:00,-9.81719,-84.8561,2.17E-02,0.711642,131.134,281.491,9.58E-02,-56.13634,0.117
7/09/17 02:00:00,-8.33162,-52.2988,2.15E-02,0.780212,128.902,281.708,0.101603,-46.60579,0.117
7/09/17 02:30:00,-11.7733,78.0898,2.59E-02,0.667185,130.347,280.315,4.26E-02,-54.77967,0.117
7/09/17 03:00:00,-21.1952,94.5764,3.59E-02,0.782853,121.108,279.015,0.113668,-43.12767,0.117
7/09/17 04:00:00,-13.8754,-22.1486,2.19E-02,0.975654,145.998,280.85,0.244897,-34.15102,0.116
7/09/17 04:30:00,-8.53538,-39.173,2.12E-02,0.716811,136.672,281.968,9.46E-02,-28.58875,0.116
7/09/17 06:00:00,-8.85043,-7.97211,3.83E-02,0.581301,137.152,277.908,3.51E-02,-26.50785,0.116
7/09/17 06:30:00,-5.62513,-41.5807,3.28E-02,0.652878,135.421,278.778,3.2E-02,0.4444356,0.117
7/09/17 08:00:00,2.99272,5.93677,2.08E-02,0.352569,126.886,284.415,9.63E-02,-2.095848,0.117
7/09/17 08:30:00,-1.43701,58.5487,2.04E-02,0.775633,99.7904,286.099,0.259523,-11.45745,0.117
7/09/17 09:00:00,21.0133,81.6359,1.99E-02,1.00149,76.5412,287.166,0.655672,1.471261,0.117
7/09/17 09:30:00,18.2631,87.3956,1.92E-02,1.89161,83.3553,286.954,0.678508,107.4749,0.118
7/09/17 10:00:00,26.1393,93.7035,1.88E-02,1.45563,90.8185,287.244,0.616971,191.654,0.118
7/09/17 10:30:00,5.86771,111.088,1.77E-02,1.49388,87.3181,287.328,0.509246,221.8823,0.118
7/09/17 11:00:00,20.1244,97.2736,1.75E-02,0.783639,86.9481,288.073,0.413324,190.1638,0.119
7/09/17 11:30:00,4.42637,60.0506,1.7E-02,0.531314,149.472,288.228,0.433637,248.5715,0.119
7/09/17 12:00:00,73.4734,181.151,1.6E-02,0.396843,262.494,290.092,0.523237,171.1533,0.119
7/09/17 12:30:00,60.3103,207.567,1.54E-02,0.20861,198.559,290.835,0.94882,165.1653,0.119
7/09/17 13:00:00,77.0184,222.391,1.48E-02,0.71834,234.988,291.296,2.11037,84.55964,0.119
7/09/17 13:30:00,94.5698,229.364,1.43E-02,0.779999,232.649,291.588,1.25069,583.2625,0.118
7/09/17 14:00:00,122.609,256.674,1.43E-02,0.655273,226.983,292.323,1.77879,445.3581,0.118
7/09/17 14:30:00,125.587,261.28,1.39E-02,0.537787,324.894,292.381,1.81435,562.2337,0.118
7/09/17 15:00:00,51.8199,177.621,1.36E-02,0.232455,112.91,292.839,1.66269,544.4873,0.117
7/09/17 15:30:00,68.1787,264.328,1.36E-02,0.189791,131.587,292.832,1.71202,645.6191,0.117
7/09/17 16:30:00,112.28,263.751,1.4E-02,0.924312,332.666,293.093,1.9796,625.4182,0.116
7/09/17 17:00:00,67.8331,184.195,1.43E-02,0.703541,52.9226,292.768,1.13719,635.507,0.116
7/09/17 17:30:00,90.5165,213.061,1.43E-02,0.688288,311.008,292.912,2.90332,535.0784,0.115
7/09/17 18:00:00,43.0809,161.6,1.43E-02,0.593445,284.091,292.698,2.00808,580.0778,0.115
7/09/17 18:30:00,-6.7455,147.503,1.41E-02,1.37966,267.844,291.996,2.73255,368.317,0.114
7/09/17 19:00:00,-12.7463,108.85,1.39E-02,0.191859,76.9615,291.286,3.14732,630.3021,0.113
7/09/17 19:30:00,-4.7845,117.051,1.4E-02,0.541421,314.212,290.986,2.47374,326.4259,0.113
7/09/17 20:00:00,-33.2961,31.2342,1.4E-02,0.551916,152.679,290.058,0.574619,166.8262,0.112
7/09/17 20:30:00,-53.2586,50.9624,1.51E-02,0.73542,124.699,287.6,0.373094,129.7382,0.111
7/09/17 21:00:00,-41.5059,40.4211,1.54E-02,0.692928,120.368,285.667,0.252437,110.2573,0.11
7/09/17 21:30:00,-44.2854,50.0839,1.54E-02,0.774073,107.548,284.376,0.284714,159.1267,0.109
7/09/17 22:00:00,-55.9024,33.7367,1.53E-02,0.886474,123.984,283.069,0.308712,-44.43013,0.109
7/09/17 22:30:00,-54.8991,24.2453,1.5E-02,0.859938,119.757,282.733,0.303195,-51.71388,0.108
7/09/17 23:00:00,-51.7852,24.7694,1.5E-02,0.879001,124.317,282.031,0.212208,-47.2615,0.108
7/09/17 23:30:00,-16.0953,2.80005,1.48E-02,0.689187,126.118,281.84,0.112251,-57.3809,0.108
7/13/17 04:30:00,-13.0342,-6.89179,1.69E-02,0.772941,128.819,276.927,9.68E-02,-63.19014,0.108
7/13/17 05:00:00,-26.9109,-10.9859,1.68E-02,0.919443,131.636,276.84,0.113282,-62.66845,0.108
7/13/17 05:30:00,-39.4522,-7.90927,1.67E-02,0.954604,127.239,277.215,0.171574,-60.35028,0.107
7/13/17 06:00:00,-28.1981,-10.7697,1.67E-02,0.845841,127.603,276.867,0.105833,-56.37671,0.107
7/13/17 06:30:00,-32.9384,-13.1358,1.68E-02,0.930354,132.028,276.967,0.129377,-56.34062,0.135
7/13/17 07:00:00,-64.9448,2.30619,1.68E-02,0.709878,114.428,278.92,0.207996,-59.50668,0.135
7/13/17 07:30:00,-29.0103,11.4282,1.68E-02,0.842062,79.3949,280.878,0.297466,-60.68166,0.135
7/13/17 08:00:00,-24.8417,41.142,1.66E-02,0.901015,63.8023,282.724,0.390092,-51.34653,0.135
7/13/17 08:30:00,-60.3744,102.628,1.64E-02,0.256279,17.951,284.134,1.08045,-42.6947,0.135
7/13/17 09:00:00,14.3014,76.9899,1.6E-02,0.476324,125.357,285.361,1.27776,-38.55924,0.135
7/13/17 09:30:00,19.7187,103.12,1.59E-02,0.63498,263.62,285.833,1.60692,-19.2741,0.135
7/13/17 10:00:00,50.994,137.933,1.58E-02,1.75166,237.469,286.151,2.31804,96.72392,0.135
7/13/17 10:30:00,56.1044,188.209,1.53E-02,0.92766,251.271,287.015,1.96519,159.9169,0.135
7/13/17 11:00:00,64.9277,158.439,1.49E-02,1.49813,259.656,287.381,2.28086,231.3928,0.135
7/13/17 11:30:00,104.76,224.059,1.48E-02,1.41445,235.66,287.678,2.93909,300.4819,0.135
7/13/17 12:00:00,104.79,226.692,1.48E-02,0.448175,205.809,288.205,2.27028,368.8033,0.135
7/13/17 12:30:00,122.508,253.065,1.46E-02,1.24974,241.703,288.428,3.68323,427.5143,0.135
7/13/17 13:00:00,115.144,210.641,1.48E-02,1.08891,322.153,288.908,3.23229,486.6805,0.135
7/13/17 13:30:00,174.129,282.818,1.48E-02,1.37895,298.122,289.081,4.56814,536.6847,0.134
7/13/17 14:00:00,133.326,263.013,1.5E-02,0.597232,231.436,289.442,4.31107,572.2075,0.134
7/13/17 14:30:00,146.273,264.265,1.51E-02,0.892734,284.112,289.736,2.67534,606.8513,0.134
7/13/17 15:00:00,93.5265,192.958,1.51E-02,0.700074,279.898,290.134,2.6981,632.5327,0.133
7/13/17 15:30:00,123.17,267.94,1.52E-02,0.513483,327.235,290.5,2.95217,649.0018,0.133
7/13/17 16:30:00,92.2789,220.265,1.53E-02,0.618587,254.957,290.632,2.78045,640.4218,0.132
7/13/17 17:00:00,55.5931,158.008,1.5E-02,0.59642,297.627,290.85,3.13925,622.2104,0.132
7/13/17 18:00:00,68.2362,181.481,1.51E-02,0.72611,267.538,291.011,2.96994,362.7075,0.131
7/13/17 18:30:00,61.1075,151.216,1.5E-02,0.520489,37.4168,290.815,3.3559,562.7399,0.131
7/13/17 19:00:00,17.407,138.673,1.51E-02,0.210025,98.5163,290.682,1.85744,496.5922,0.129
7/13/17 19:30:00,4.64762,120.164,1.49E-02,0.583233,222.337,290.276,1.55598,331.5048,0.128
7/13/17 20:00:00,-51.6998,33.9325,1.46E-02,0.290133,334.702,289.214,1.71293,393.304,0.127
7/13/17 20:30:00,-18.0993,20.2324,1.45E-02,0.197658,50.6658,288.79,0.971281,218.5375,0.126
7/13/17 21:30:00,-53.4481,41.1927,1.51E-02,0.609385,100.65,286.478,0.502101,289.1164,0.125
7/13/17 22:00:00,-64.3445,43.3964,1.53E-02,0.598504,92.8482,284.726,0.38703,31.09299,0.124
7/13/17 23:30:00,-25.5963,15.5924,1.56E-02,0.874641,123.832,281.001,0.140094,-54.54869,0.123
7/14/17 00:00:00,-37.3777,18.8826,1.55E-02,0.86871,124.698,280.652,0.116307,-55.80917,0.123
7/14/17 00:30:00,-42.171,16.5268,1.55E-02,0.932859,126.657,280.055,0.194064,-61.46011,0.121
7/14/17 01:00:00,-23.1337,8.36322,1.55E-02,0.916175,129.179,279.81,6.71E-02,-65.50378,0.121
7/14/17 01:30:00,-7.82638,3.39485,1.57E-02,1.10025,135.602,279.263,4.98E-02,-60.44646,0.12
7/14/17 02:00:00,-18.3407,29.4899,1.57E-02,0.513654,138.588,279.46,0.468527,-57.86285,0.12
7/14/17 02:30:00,-33.1415,-6.56592,1.65E-02,0.789702,124.848,280.25,0.569767,-55.5077,0.12
7/14/17 03:00:00,-25.6398,-9.68669,1.68E-02,0.512802,110.423,279.055,0.279737,-54.68,0.12
7/14/17 03:30:00,-19.7755,-10.7696,1.69E-02,0.818136,119.67,277.921,0.267767,-55.12963,0.12
7/14/17 04:00:00,-7.71467,-14.3713,1.76E-02,0.592101,105.238,278.214,0.166499,-60.21136,0.12
7/14/17 04:30:00,-5.46629,56.4252,1.91E-02,0.508974,109.527,276.966,0.160556,-64.5261,0.12
7/14/17 05:30:00,-20.9099,59.7681,3.99E-02,0.530494,122.211,272.894,8.27E-02,-60.43328,0.12
7/14/17 06:30:00,-9.26819,-131.783,3.79E-02,0.728263,117.645,274.017,9.67E-02,-60.99083,0.12
7/14/17 07:00:00,-16.0915,-50.7178,2.87E-02,0.539473,100.751,275.89,0.100841,-59.25534,0.12
7/14/17 07:30:00,-5.24622,70.876,2.06E-02,0.7893,54.0865,278.409,3.07E-02,-56.61187,0.119
7/14/17 08:30:00,-18.0685,48.5001,1.81E-02,0.624644,42.937,281.664,9.97E-02,-34.22635,0.119
7/14/17 09:00:00,21.0045,56.5912,1.76E-02,0.837405,55.8784,283.335,0.215682,-7.755813,0.119
7/14/17 09:30:00,49.4982,56.7687,1.82E-02,0.88427,69.4228,283.918,0.298234,4.069983,0.119
7/14/17 10:00:00,58.8224,81.0532,1.77E-02,0.954,34.8993,284.487,0.358327,20.22774,0.119
7/14/17 10:30:00,72.3832,127.747,1.76E-02,0.516789,62.6774,285.784,0.825023,176.6885,0.119
7/14/17 11:00:00,85.2152,131.466,1.73E-02,0.397907,246.632,286.837,1.48327,209.4124,0.12
7/14/17 11:30:00,89.9573,158.637,1.68E-02,0.387868,165.959,287.613,1.09272,284.2813,0.12
7/14/17 12:00:00,93.5134,204.324,1.63E-02,0.497587,100.88,288.271,1.40288,351.9925,0.12
7/14/17 12:30:00,107.096,224.563,1.58E-02,0.694662,217.351,289.013,1.91012,419.2074,0.12
7/14/17 13:00:00,99.5158,262.362,1.56E-02,0.75977,155.68,289.774,1.92157,493.0067,0.121
7/14/17 13:30:00,123.242,275.832,1.53E-02,0.604313,193.966,290.474,2.2128,528.5243,0.12
7/14/17 14:00:00,130.754,270.183,1.49E-02,1.10685,220.337,290.941,1.57899,561.1296,0.12
7/14/17 14:30:00,111.409,280.195,1.46E-02,1.35581,191.017,291.407,1.99575,587.2773,0.12
7/14/17 15:00:00,166.443,321.628,1.45E-02,1.28057,246.863,292.009,1.70238,613.594,0.12
7/14/17 15:30:00,140.549,267.728,1.42E-02,1.74165,263.759,291.771,2.8249,626.1656,0.119
7/14/17 16:00:00,114.131,277.278,1.43E-02,1.41786,261.045,291.943,2.42442,636.9822,0.119
7/14/17 16:30:00,80.7863,201.172,1.43E-02,1.65483,254.833,291.662,2.35173,631.7178,0.118
7/14/17 17:00:00,74.305,192.277,1.42E-02,1.19615,247.671,291.849,1.98709,613.7238,0.117
7/14/17 17:30:00,94.7826,219.547,1.44E-02,1.29071,277.279,292.191,1.27075,584.3939,0.116
7/14/17 18:00:00,84.8066,214.783,1.45E-02,1.03738,295.809,292.475,1.05553,510.1824,0.116
7/14/17 18:30:00,44.9627,193.419,1.43E-02,0.116973,75.6016,292.42,0.942901,462.392,0.115
7/14/17 19:00:00,17.4045,162.047,1.43E-02,0.50952,197.577,292.211,0.695462,431.044,0.115
7/14/17 19:30:00,18.0584,90.7097,1.56E-02,0.654217,205.502,290.619,0.487688,406.1297,0.114
7/14/17 20:00:00,-37.5659,42.1332,1.59E-02,0.956118,141.829,287.882,0.372477,345.7587,0.113
7/14/17 20:30:00,-71.8926,68.4703,1.59E-02,0.962895,125.56,287.192,0.465,286.0776,0.113
7/14/17 21:00:00,-48.5317,39.643,1.59E-02,1.02626,124.782,286.146,0.325143,218.1337,0.112
7/14/17 21:30:00,-56.7387,39.1125,1.6E-02,1.1759,126.764,284.562,0.334205,145.2557,0.111
7/14/17 22:00:00,-65.1896,39.1219,1.56E-02,1.17019,125.141,284.223,0.344759,-53.5781,0.111
7/14/17 22:30:00,-54.8188,27.3406,1.55E-02,1.06621,123.96,283.413,0.2599,-55.54767,0.11
7/14/17 23:00:00,-47.6323,20.6782,1.54E-02,1.11895,126.715,283.276,0.21536,-58.17308,0.109
7/14/17 23:30:00,-37.9575,12.5198,1.54E-02,1.10217,133.777,282.418,0.208466,-62.03094,0.109
7/15/17 00:30:00,-47.8268,21.5508,1.55E-02,0.952201,120.049,281.595,0.229014,-68.16047,0.109
7/15/17 01:00:00,-43.9755,17.35,1.54E-02,1.06231,133.009,281.31,0.169167,-66.85723,0.109
7/15/17 01:30:00,-66.9152,27.5131,1.52E-02,1.33044,129.67,281.828,0.293738,-64.74732,0.108
7/15/17 02:00:00,-55.0902,18.9974,1.5E-02,1.41615,126.977,282.037,0.363486,-65.07101,0.108
7/15/17 02:30:00,-75.8697,25.1708,1.5E-02,1.34035,128.476,281.889,0.320483,-60.09985,0.108
7/15/17 03:00:00,-47.7672,17.272,1.5E-02,1.18056,133.598,282.034,0.281049,-59.83818,0.108
7/15/17 03:30:00,-72.8363,29.3303,1.5E-02,1.07727,127.752,281.718,0.245719,-63.07279,0.108
7/15/17 04:00:00,-80.3366,29.0257,1.5E-02,1.21168,129.735,281.449,0.294809,-62.62147,0.108
7/15/17 04:30:00,-54.924,24.6426,1.5E-02,1.14053,125.547,281.011,0.178022,-64.20323,0.108
7/15/17 05:00:00,-33.8644,9.61397,1.5E-02,1.1077,126.942,280.461,0.161035,-63.43512,0.108
7/15/17 05:30:00,-54.8515,18.1224,1.47E-02,1.30353,110.58,281.463,0.23674,-61.26898,0.108
7/15/17 06:00:00,-66.846,25.7005,1.45E-02,1.23615,112.856,281.959,0.261684,-62.71618,0.108
7/15/17 06:30:00,-41.8531,12.914,1.52E-02,0.903925,125.776,279.67,0.158332,-57.35574,0.108
7/15/17 07:00:00,-72.856,26.9879,1.54E-02,1.05409,109.92,281.218,0.167497,-57.58067,0.108
7/15/17 07:30:00,-110.181,52.2649,1.56E-02,1.04647,101.805,284.227,0.266332,-61.13729,0.108
7/15/17 08:00:00,-69.791,50.237,1.52E-02,1.34602,96.8464,286.478,0.461643,-56.41184,0.108
7/15/17 08:30:00,-20.1416,61.956,1.51E-02,1.33731,107.396,287.039,0.648562,-46.74004,0.108
7/15/17 09:00:00,-15.8399,64.0965,1.56E-02,0.470817,145.041,287.963,0.459669,-38.58206,0.108
7/15/17 09:30:00,-1.92183,110.847,1.55E-02,1.26023,161.972,288.892,1.57123,-26.99528,0.108
7/15/17 10:00:00,-37.8028,87.7237,1.5E-02,1.3221,178.845,288.741,1.5705,2.60272,0.108
7/15/17 10:30:00,-18.8191,117.271,1.47E-02,1.41657,195.352,289.179,2.94542,109.0042,0.108
7/15/17 11:00:00,-71.3458,172.647,1.48E-02,3.07448,155.89,288.9,3.86043,153.3764,0.108
7/15/17 11:30:00,-22.7636,180.993,1.5E-02,1.40549,156.58,289.307,2.3965,323.8593,0.108
7/15/17 12:00:00,28.3303,195.936,1.56E-02,1.54658,202.703,290.407,2.44797,139.5115,0.108
7/15/17 12:30:00,14.7766,146.421,1.59E-02,1.39895,184.537,289.823,3.16811,191.3771,0.108
7/15/17 13:00:00,18.1005,156.442,1.61E-02,0.992156,183.654,289.866,2.5251,152.4417,0.108
7/15/17 13:30:00,29.6948,152.37,1.63E-02,1.34573,253.225,290.03,2.02903,168.4916,0.108
7/15/17 14:00:00,71.8833,226.796,1.62E-02,1.59725,207.611,290.616,2.66194,393.3087,0.107
7/15/17 14:30:00,105.041,217.177,1.65E-02,0.971779,232.076,291.087,3.35444,305.7375,0.108
7/15/17 15:00:00,67.9267,191.987,1.65E-02,1.47552,235.975,290.984,2.94322,341.4437,0.107
7/15/17 15:30:00,67.8447,184.763,1.67E-02,0.872948,231.931,291.443,1.58721,292.5308,0.107
7/15/17 16:30:00,118.361,246.349,1.65E-02,0.970996,255.321,292.121,2.00022,475.1847,0.107
7/15/17 17:00:00,104.035,227.838,1.62E-02,1.58561,255.985,292.009,2.68354,587.1017,0.107
7/15/17 17:30:00,68.8755,169.331,1.63E-02,0.742045,242.486,292.06,2.2265,460.0827,0.106
7/15/17 18:00:00,76.7841,189.053,1.62E-02,1.20798,229.368,292.156,2.01919,338.3589,0.106
7/15/17 18:30:00,47.3239,161.618,1.63E-02,0.596053,182.586,292.237,2.05235,485.0778,0.106
7/15/17 19:00:00,59.6322,162.779,1.63E-02,0.523168,280.564,292.132,2.36621,450.6855,0.106
7/15/17 19:30:00,36.1226,118.384,1.65E-02,1.40704,293.307,291.778,2.05393,488.7845,0.105
7/15/17 20:00:00,-48.9154,73.7145,1.62E-02,0.922425,256.186,290.938,1.94104,357.0468,0.105
7/15/17 20:30:00,-50.5808,56.9583,1.64E-02,0.176483,233.972,290.512,2.63571,315.1772,0.104
7/15/17 21:00:00,-32.0136,30.2332,1.65E-02,0.473321,182.757,290.094,1.36951,264.3884,0.103
7/15/17 21:30:00,-61.6343,47.4433,1.67E-02,0.865683,139.407,289.815,1.63298,184.4609,0.102
7/15/17 22:00:00,-60.2259,26.1827,1.66E-02,0.977046,199.324,289.593,2.47096,16.79782,0.102
7/15/17 22:30:00,-70.303,34.3886,1.66E-02,1.13447,185.482,288.941,2.46509,-21.13294,0.101
7/15/17 23:00:00,-57.6286,22.5368,1.68E-02,0.49976,166.057,288.605,1.93696,-6.989148,0.101
7/15/17 23:30:00,-6.39252,-0.32474,1.69E-02,0.223979,356.473,287.989,1.24582,-33.01508,0.101
7/16/17 00:00:00,-45.8391,14.101,1.69E-02,0.675573,187.653,287.685,1.241,-61.85621,0.101
7/16/17 00:30:00,-48.4737,18.0627,1.67E-02,0.181378,1.22249,287.734,1.055,-71.36066,0.1
7/16/17 01:00:00,-57.1952,26.6014,1.65E-02,0.661875,252.811,287.849,2.36048,-55.87009,0.1
7/16/17 01:30:00,-122.584,115.777,1.62E-02,0.271238,14.4113,287.45,2.46517,-59.33287,0.1
7/16/17 02:00:00,-67.464,29.4377,1.56E-02,1.04767,310.867,287.387,1.58536,-56.61699,0.1
7/16/17 02:30:00,-60.3876,15.0261,1.56E-02,0.442846,203.651,287.246,2.37056,-47.37051,0.1
7/16/17 03:00:00,-80.0081,36.1331,1.53E-02,0.701444,258.831,287.046,2.9531,-52.32763,0.1
7/16/17 03:30:00,-42.7912,13.1415,1.51E-02,0.769507,330.013,286.35,1.58927,-64.01649,0.1
7/16/17 04:00:00,-28.0833,15.867,1.5E-02,0.684042,304.486,286.281,1.84615,-73.41577,0.1
7/16/17 04:30:00,-62.5321,19.6687,1.49E-02,0.827265,320.105,286.194,2.4054,-70.41437,0.1
7/16/17 05:00:00,-45.9327,13.7712,1.49E-02,1.54311,310.038,286.014,2.009,-78.93826,0.1
7/16/17 05:30:00,-60.5639,24.47,1.47E-02,0.616574,205.535,286.029,2.91318,-70.27122,0.1
7/16/17 06:00:00,-33.3474,8.03826,1.46E-02,0.479768,304.739,285.44,1.97133,-70.35871,0.1
7/16/17 06:30:00,-70.8942,38.1433,1.46E-02,0.454332,268.101,285.367,3.02829,-74.2464,0.1
7/16/17 07:00:00,-32.3934,33.0729,1.47E-02,0.67468,281.597,285.386,1.28206,-61.43559,0.1
7/16/17 07:30:00,-67.8937,96.395,1.46E-02,1.1079,220.88,285.516,1.87206,-71.91697,0.1
7/16/17 08:30:00,-27.2474,65.7947,1.46E-02,0.955722,241.363,285.204,1.91532,-66.26503,0.1
7/16/17 09:00:00,-1.20039,104.41,1.46E-02,0.748433,204.097,285.542,1.38253,-49.6472,0.1
7/16/17 09:30:00,-0.822972,83.7898,1.44E-02,1.00358,225.077,285.556,2.23162,-1.289695,0.1
7/16/17 10:00:00,7.96322,117.403,1.41E-02,1.27891,230.937,285.462,2.38116,-6.870348,0.1
7/16/17 10:30:00,32.246,150.11,1.37E-02,1.96692,204.728,285.709,2.33996,81.90276,0.1
7/16/17 11:00:00,95.5,180.951,1.35E-02,1.13564,249.265,286.238,3.06996,164.9453,0.1
7/16/17 11:30:00,142.398,220.06,1.34E-02,0.657572,313.952,286.647,3.57864,196.5717,0.1
7/16/17 12:00:00,146.125,238.499,1.32E-02,0.461287,236.257,286.473,4.61017,182.6446,0.1
7/16/17 12:30:00,182.932,258.546,1.31E-02,0.570263,267.007,286.399,5.9023,389.5057,0.1
7/16/17 13:00:00,144.526,238.993,1.31E-02,1.27737,255.404,286.324,5.19922,501.7301,0.1
7/16/17 13:30:00,146.188,194.748,1.3E-02,0.311408,320.009,285.914,5.24716,628.0362,0.1
7/16/17 14:00:00,22.5141,130.338,1.28E-02,0.744265,248.611,285.031,4.78496,633.8216,0.099
7/16/17 14:30:00,-0.803819,101.348,1.27E-02,1.16095,328.217,284.804,1.72949,555.2143,0.099
7/16/17 15:00:00,26.2401,130.495,1.27E-02,1.85,294.309,285.101,2.48732,409.4835,0.099
7/16/17 15:30:00,-1.80397,198.398,1.26E-02,0.560239,111.548,284.591,4.79635,432.5731,0.099
7/16/17 16:00:00,51.5585,129.809,1.29E-02,1.32601,342.664,284.945,1.57555,144.7648,0.099
7/16/17 16:30:00,49.4595,147.901,1.26E-02,1.27133,313.236,284.451,1.88139,88.29906,0.098
7/16/17 17:00:00,153.727,255.844,1.26E-02,1.23895,111.226,284.532,3.88778,253.6485,0.098
7/16/17 17:30:00,49.0523,132.622,1.24E-02,1.49608,38.8419,283.703,3.3749,125.3958,0.097
7/16/17 18:00:00,100.304,180.25,1.23E-02,0.897179,44.5929,283.837,2.08247,193.0463,0.097
7/16/17 18:30:00,83.9327,185.384,1.26E-02,0.671379,258.308,283.776,2.32574,256.2912,0.097
7/16/17 19:00:00,-17.8374,72.3476,1.25E-02,0.550484,171.126,282.996,0.926119,503.6495,0.097
7/16/17 19:30:00,-47.4377,84.1744,1.23E-02,0.956856,84.9739,282.208,2.6454,225.7802,0.097
7/16/17 20:00:00,-45.6001,66.0251,1.21E-02,1.36729,72.7522,281.957,2.59333,291.354,0.097
7/16/17 20:30:00,-31.6085,38.5023,1.21E-02,1.01153,7.1057,281.672,2.43629,250.2724,0.097
7/16/17 21:00:00,-24.7718,30.6322,1.24E-02,0.93094,314.922,281.12,1.33324,115.9855,0.097
7/16/17 21:30:00,-32.8617,31.7026,1.26E-02,1.33436,325.819,280.866,2.07507,-10.22174,0.096
7/16/17 22:00:00,-41.8145,31.2388,1.27E-02,0.372321,353.8,280.199,1.24893,-20.05048,0.095
7/16/17 22:30:00,-42.5997,23.1321,1.27E-02,0.561384,15.518,279.889,1.24627,-39.37665,0.095
7/16/17 23:00:00,-31.6647,35.8083,1.28E-02,1.47918,306.025,279.6,1.38904,-32.74579,0.095
7/16/17 23:30:00,-11.5877,14.858,1.29E-02,0.82245,323.858,278.952,1.36775,-50.94779,0.094
7/18/17 00:00:00,-47.0484,14.6007,1.3E-02,1.06801,103.098,275.364,0.352499,-57.08419,0.094
7/18/17 00:30:00,-81.8639,24.6752,1.3E-02,0.837192,124.463,276.671,0.786616,-60.60305,0.094
7/18/17 01:00:00,-52.3627,8.47864,1.3E-02,0.630592,125.215,276.889,0.912354,-44.23508,0.094
7/18/17 01:30:00,-11.4649,-0.529584,1.27E-02,1.27884,173.691,279.115,1.60521,-69.80993,0.094
7/18/17 02:00:00,17.7122,-10.8862,1.28E-02,0.886761,143.359,278.555,0.76703,-72.83351,0.091
7/18/17 02:30:00,-72.1833,24.1131,1.32E-02,0.974531,107.984,274.989,0.391106,-74.72092,0.091
7/18/17 03:30:00,-49.6022,11.4679,1.33E-02,0.816342,112.822,273.151,0.436353,-71.60075,0.091
7/18/17 04:00:00,-75.7428,24.2353,1.31E-02,0.888877,110.856,274.011,0.30695,-86.54271,0.091
7/18/17 04:30:00,-59.6323,13.0189,1.31E-02,0.972514,115.869,273.68,0.495043,-80.61227,0.091
7/18/17 05:00:00,-56.6982,14.4434,1.31E-02,0.863743,118.945,272.708,0.21713,-70.92934,0.091
7/18/17 05:30:00,-70.8911,14.1816,1.31E-02,0.995765,118.27,272.161,0.358557,-71.66824,0.091
7/18/17 06:00:00,-58.8721,15.3767,1.31E-02,1.0408,122.343,272.014,0.268165,-72.00072,0.091
7/18/17 06:30:00,-97.3913,22.2686,1.31E-02,1.02202,116.211,272.084,0.459808,-73.76772,0.091
7/18/17 07:00:00,-30.6218,7.61067,1.31E-02,0.848486,110.235,273.202,0.16658,-71.80106,0.091
7/18/17 07:30:00,-20.7511,3.01097,1.33E-02,0.743163,96.175,274.669,0.147089,-73.02771,0.091
7/18/17 08:30:00,-3.83346,16.5534,1.32E-02,1.01635,64.7634,278.939,0.404294,-71.62614,0.091
7/18/17 09:00:00,-1.98077,33.9135,1.29E-02,1.1227,78.6494,280.649,0.789488,-64.71164,0.091
7/18/17 09:30:00,32.6306,65.0664,1.31E-02,1.30158,80.1228,281.249,0.797382,-49.0104,0.091
7/18/17 10:00:00,55.3665,80.399,1.22E-02,0.485549,190.984,282.506,0.983377,-38.2382,0.091
7/18/17 10:30:00,57.3937,108.01,1.24E-02,0.67351,151.607,283.072,1.61839,125.3357,0.092
7/18/17 11:00:00,60.9371,131.48,1.2E-02,1.19696,102.453,283.978,1.25577,186.4415,0.092
7/18/17 11:30:00,92.1488,175.464,1.15E-02,0.584089,82.6665,284.83,0.878936,256.2821,0.093
7/18/17 12:00:00,138.064,200.281,1.14E-02,0.57441,64.043,285.48,1.19978,323.7314,0.093
7/18/17 12:30:00,108.675,218.723,1.14E-02,0.38938,120.533,286.152,1.65453,388.2973,0.093
7/18/17 13:00:00,151.092,221.461,1.13E-02,0.521459,233.415,286.664,1.63189,448.9833,0.094
7/18/17 13:30:00,159.73,250.061,1.13E-02,0.986368,328.03,286.917,2.1133,507.1786,0.094
7/18/17 14:00:00,166.502,193.3,1.07E-02,0.356086,351.173,287.64,2.37521,548.6024,0.094
7/18/17 14:30:00,156.1,149.246,3.88E-03,0.390123,351.817,288.774,1.8584,571.3547,0.094
7/18/17 15:00:00,166.41,232.793,3.04E-03,0.949541,313.674,288.851,2.31204,593.2283,0.094
7/18/17 15:30:00,121.805,169.499,3.05E-03,0.71732,316.441,288.892,2.46413,604.9493,0.094
7/18/17 16:00:00,134.066,216.005,3.32E-03,0.734645,236.266,289.299,1.87807,607.5788,0.094
7/18/17 16:30:00,135.258,208.251,3.37E-03,0.801446,352.625,289.545,2.00732,603.8867,0.093
7/18/17 17:00:00,87.7437,192.432,3.35E-03,0.338573,195.576,289.682,1.22876,589.0621,0.093
7/18/17 17:30:00,96.2704,173.087,3.24E-03,0.757275,323.357,289.7,1.14354,564.593,0.093
7/18/17 18:00:00,44.5279,110.689,3.17E-03,0.148362,352.235,289.697,1.53973,521.2894,0.093
7/18/17 18:30:00,45.4264,119.927,3.04E-03,0.278491,36.826,289.25,0.936458,478.6406,0.093
7/18/17 19:00:00,-5.6514,107.554,3.18E-03,0.16171,354.626,288.947,1.17789,435.8907,0.092
7/18/17 19:30:00,-40.4969,60.6697,4.47E-03,0.491706,125.468,286.043,0.323791,375.4255,0.092
7/18/17 20:00:00,-50.2993,59.8106,5.34E-03,0.774491,124.128,283.398,0.142759,322.6488,0.092
7/18/17 20:30:00,-34.5934,29.9959,5.24E-03,0.954063,132.471,281.93,0.210768,251.641,0.091
7/18/17 21:00:00,-60.4336,40.9352,5.31E-03,0.857193,130.257,280.272,0.254763,176.2688,0.091
7/18/17 21:30:00,-51.9069,18.9314,5.27E-03,0.786668,112.65,279.212,0.353507,71.56838,0.09
7/18/17 22:00:00,-119.977,4.2703,5.49E-03,0.790588,111.475,278.99,0.606183,-53.89742,0.089
7/18/17 22:30:00,-88.9633,-20.3137,5.88E-03,0.758833,109.309,278.839,0.367422,-55.76067,0.089
7/18/17 23:00:00,-108.472,-31.2415,6.27E-03,0.926885,115.716,277.988,0.408722,-60.77087,0.088
7/18/17 23:30:00,-49.9365,-0.719656,6.48E-03,0.812129,119.266,277.659,0.234372,-66.80408,0.088
7/19/17 00:30:00,-77.9511,13.9448,6.05E-03,0.828059,118.039,277.5,0.384463,-70.93644,0.087
7/19/17 01:00:00,-118.464,58.2686,4.84E-03,0.83361,111.843,278.869,0.436013,-72.85876,0.087
7/19/17 01:30:00,-89.4059,29.2374,5.19E-03,0.880967,123.281,278.233,0.299743,-71.35542,0.087
7/19/17 02:00:00,-49.727,21.2241,5.34E-03,0.957292,121.083,277.853,0.193651,-68.70002,0.087
7/19/17 02:30:00,-45.8411,18.6688,5.07E-03,0.986247,122.375,277.229,0.180473,-66.63132,0.087
7/19/17 03:00:00,-32.5227,18.9529,4.97E-03,0.843069,123.721,277.021,8.29E-02,-63.37866,0.087
7/19/17 03:30:00,-73.5534,27.3363,4.84E-03,0.997524,125.121,277.013,0.233885,-61.20385,0.087
7/19/17 04:00:00,-104.443,35.9975,4.86E-03,1.22922,114.882,277.005,0.55941,-58.80704,0.087
7/19/17 04:30:00,-90.9817,28.7086,5E-03,1.12395,118.384,276.548,0.486809,-60.04419,0.087
7/19/17 05:00:00,-81.2104,26.0052,5.01E-03,1.04759,111.398,277.221,0.477366,-56.57684,0.087
7/19/17 05:30:00,-84.2442,25.6472,4.92E-03,0.876316,109.472,278.69,0.3831,-59.90743,0.087
7/19/17 06:00:00,-41.8496,12.2079,5.08E-03,0.804365,111.821,279.17,0.301475,-61.07334,0.087
7/19/17 06:30:00,-77.6444,26.2422,5.19E-03,0.907494,123.868,279.448,0.256149,-57.9219,0.087
7/19/17 07:00:00,-124.472,39.326,5.53E-03,1.26329,120.557,278.717,0.523796,-55.6286,0.087
7/19/17 07:30:00,-151.347,76.2385,5.78E-03,1.1424,113.458,279.862,0.527187,-55.05898,0.087
7/19/17 08:00:00,-78.2538,56.8967,6.16E-03,1.0957,119.363,281.178,0.481204,-50.45166,0.087
7/19/17 09:00:00,3.46808,36.5406,6.1E-03,0.435194,84.6369,285.208,0.18411,-43.90256,0.087
7/19/17 09:30:00,0.704595,89.7724,5.5E-03,0.816626,96.8458,286.197,0.373364,-37.37281,0.087
7/19/17 10:00:00,36.9481,108.793,5.49E-03,0.964904,112.167,286.903,0.899376,-15.6852,0.088
7/19/17 10:30:00,63.2551,127.773,5.47E-03,0.625777,52.1128,287.372,1.32802,19.19558,0.088
7/19/17 11:00:00,84.0494,176.472,5.58E-03,0.713142,101.291,287.931,1.41787,139.0706,0.089
7/19/17 11:30:00,43.5765,113.367,5.64E-03,0.619272,68.4344,288.19,1.87529,233.386,0.089
7/19/17 12:00:00,111.498,189.1,5.49E-03,0.872461,81.2486,288.761,2.24865,316.1256,0.089
7/19/17 12:30:00,65.135,142.059,5.34E-03,0.47618,265.766,288.658,2.05115,377.9178,0.09
7/19/17 13:00:00,100.148,176.43,5.54E-03,1.26715,324.345,289.091,1.24995,435.1632,0.09
7/19/17 13:30:00,111.271,192.87,5.41E-03,0.426949,314.504,289.687,3.541,388.1263,0.09
7/19/17 14:00:00,198.049,243.438,5.38E-03,0.640233,275.596,290.261,4.40436,556.8968,0.09
7/19/17 14:30:00,158.075,293.275,5.45E-03,1.12091,126.328,290.428,2.77523,343.1008,0.09
7/19/17 15:00:00,63.0673,54.5729,5.44E-03,9.14E-02,300.559,290.386,2.72484,392.0797,0.09
7/19/17 15:30:00,116.614,198.017,5.57E-03,0.88532,68.9511,290.909,1.68999,631.8741,0.09
7/19/17 16:30:00,41.2718,93.4864,5.3E-03,1.05071,284.955,290.433,2.96331,713.9655,0.09
7/19/17 17:00:00,5.1194,128.661,5.28E-03,0.662637,291.623,290.099,1.43947,669.6866,0.09
7/19/17 18:30:00,0.205374,97.7813,5.31E-03,0.555582,227.869,290.128,1.1329,552.173,0.089
7/19/17 19:00:00,35.5031,138.514,5.6E-03,0.427197,219.1,290.503,0.799247,534.3289,0.089
7/19/17 19:30:00,-7.96066,106.86,5.3E-03,0.992991,178.987,290.078,1.17642,216.7888,0.088
7/19/17 20:00:00,-51.1921,72.2204,5.27E-03,0.895384,130.861,289.636,1.26215,145.7962,0.088
7/19/17 21:00:00,-24.2208,29.0941,6.02E-03,0.475207,90.5464,287.745,0.175209,169.0083,0.087
7/19/17 21:30:00,-23.8603,21.5325,6.29E-03,0.758923,101.294,285.863,0.146241,202.2498,0.087
7/19/17 22:00:00,-24.7189,9.85457,6.23E-03,0.823284,112.812,283.974,0.134957,119.2129,0.086
7/19/17 22:30:00,-20.3738,10.4449,6.15E-03,0.747819,122.597,283.409,0.133986,6.654504,0.086
7/19/17 23:00:00,-31.2776,17.9387,6.2E-03,0.869267,115.108,282.827,0.126821,-34.83763,0.085
7/19/17 23:30:00,-25.7496,9.61103,6.19E-03,0.787298,122.654,282.385,0.121298,-48.29511,0.085
7/20/17 00:00:00,-74.7097,25.6137,5.73E-03,1.04583,118.775,283.215,0.254996,-56.41571,0.085
7/20/17 00:30:00,-37.1418,15.1057,5.7E-03,0.998506,118.151,282.642,0.190953,-50.42342,0.085
7/20/17 01:00:00,-60.4942,23.0801,5.53E-03,0.972163,125.068,282.602,0.220552,-36.62093,0.084
7/20/17 01:30:00,-50.3643,16.2361,5.53E-03,1.04577,113.884,282.015,0.276518,-56.04862,0.084
7/20/17 02:00:00,-24.5687,6.5596,5.66E-03,0.776322,115.64,280.962,0.128296,-59.37903,0.084
7/20/17 02:30:00,-52.4548,13.3275,5.68E-03,1.13671,120.087,281.08,0.223301,-59.24935,0.084
7/20/17 03:00:00,-41.4341,9.71307,5.82E-03,1.0529,125.96,280.826,0.176534,-58.02089,0.084
7/20/17 03:30:00,-46.2615,9.28111,5.83E-03,1.06,122.667,280.9,0.179414,-59.03192,0.084
7/20/17 04:00:00,-34.3537,5.86476,5.9E-03,1.04801,124.076,280.867,0.172964,-54.08288,0.084
7/20/17 04:30:00,-55.4821,11.3414,5.86E-03,1.0981,114.941,281.243,0.21125,-59.32964,0.084
7/20/17 05:00:00,-36.8792,6.93639,5.94E-03,0.92205,118.841,280.941,0.107473,-56.68339,0.085
7/20/17 05:30:00,-49.7835,12.6028,6.11E-03,1.0279,127.314,279.879,0.14427,-56.68798,0.085
7/20/17 06:00:00,-74.4612,16.7745,6.04E-03,1.13486,130.314,280.534,0.329645,-58.1631,0.085
7/20/17 06:30:00,-32.3896,14.428,6.05E-03,1.32409,135.666,282.67,0.524327,-59.55615,0.085
7/20/17 07:00:00,-17.1892,16.6002,6.01E-03,0.969149,146.468,285.097,1.21396,-52.66594,0.085
7/20/17 07:30:00,-32.9568,36.9591,5.95E-03,0.665953,178.769,286.038,1.61705,-52.63144,0.085
7/20/17 08:30:00,-24.6406,34.6472,6.17E-03,0.691867,150.118,286.013,1.43037,-47.02185,0.085
7/20/17 09:00:00,-36.1604,51.235,6.22E-03,0.502035,151.356,285.446,1.16046,-33.46967,0.086
7/20/17 09:30:00,-13.6234,49.1963,6.33E-03,0.52904,159.427,284.674,1.33287,-8.290144,0.086
7/20/17 10:00:00,1.27659,59.8921,6.44E-03,0.655066,170.571,284.937,1.77221,17.23058,0.086
7/20/17 10:30:00,-1.91725,91.4469,6.48E-03,1.73981,163.369,285.74,1.45706,43.39953,0.087
7/20/17 11:00:00,107.092,154.125,6.67E-03,1.8879,192.86,286.81,3.89187,68.48235,0.087
7/20/17 11:30:00,110.411,136.526,6.67E-03,1.58312,180.419,287.177,3.51678,94.44834,0.087
7/20/17 12:00:00,64.267,133.66,6.32E-03,1.1773,225.463,287.364,2.91272,147.4404,0.087
7/20/17 12:30:00,45.2222,112.501,6.03E-03,0.360601,256.715,287.222,2.48917,257.9174,0.088
7/20/17 13:00:00,93.4684,162.631,5.92E-03,0.573657,233.894,287.864,2.6983,380.3556,0.088
7/20/17 13:30:00,74.1868,131.183,5.92E-03,0.975326,248.674,288.144,3.29064,526.8869,0.088
7/20/17 15:00:00,77.8773,136.23,6.7E-03,0.655394,258.311,287.557,2.61301,290.5909,0.087
7/20/17 15:30:00,114.446,197.23,6.74E-03,1.26215,230.249,288.457,4.18091,278.682,0.087
7/20/17 16:00:00,83.1084,131.998,7.29E-03,1.55225,208.921,286.501,4.11228,360.8065,0.087
7/20/17 16:30:00,159.09,171.919,7.21E-03,1.28722,247.248,287.067,3.21925,266.9879,0.087
7/20/17 17:00:00,60.3708,91.0759,7.01E-03,1.24279,285.596,287.652,1.84128,381.9138,0.088
7/20/17 18:00:00,39.0288,119.046,6.33E-03,0.569419,262.101,288.291,3.33964,473.2835,0.087
7/20/17 18:30:00,21.3829,113.136,5.87E-03,0.903862,295.982,288.386,2.37062,191.8767,0.087
7/20/17 19:00:00,-40.3302,68.1826,5.31E-03,1.04308,174.198,287.775,2.00474,536.5154,0.088
7/20/17 20:30:00,-30.5138,39.2407,7.47E-03,1.96018,293.746,283.746,2.18634,153.8387,0.088
7/22/17 01:00:00,-25.2769,15.042,6.63E-03,1.05002,129.353,282.632,1.21785,271.083,0.087
7/22/17 01:30:00,-38.1517,27.0151,6.68E-03,1.3088,101.777,282.894,1.41516,131.9998,0.087
7/22/17 02:00:00,-38.7237,21.1912,6.8E-03,0.817871,100.439,282.602,0.987008,13.41764,0.087
7/22/17 02:30:00,-21.2567,19.8396,6.79E-03,0.924966,94.0109,282.51,0.530508,-10.15299,0.086
7/22/17 03:00:00,-33.1112,20.3628,6.95E-03,0.729233,117.004,282.704,1.04612,-38.33953,0.092
7/22/17 03:30:00,-26.1262,13.2357,6.97E-03,0.757524,117.747,282.628,0.986961,-29.07584,0.092
7/22/17 04:00:00,-29.106,18.4885,6.93E-03,1.29501,107.817,282.864,1.73205,-18.87047,0.092
7/22/17 04:30:00,-43.9307,19.7665,6.94E-03,0.943465,116.99,282.577,0.882586,-14.79386,0.092
7/22/17 05:00:00,-37.0589,15.0829,7.02E-03,1.0991,130.978,282.145,0.858824,-20.89368,0.092
7/22/17 05:30:00,-43.7527,18.1003,7.07E-03,0.622884,120.363,281.986,0.765117,-29.65094,0.092
7/22/17 06:00:00,-4.91171,2.62754,7.27E-03,0.337544,99.991,280.748,0.315182,-26.40652,0.093
7/22/17 06:30:00,-24.8,10.6921,7.54E-03,0.52126,113.758,279.862,0.238496,-38.71142,0.093
7/22/17 07:00:00,-10.9168,9.19396,7.7E-03,0.298999,67.832,280.738,0.184896,-57.53457,0.093
7/22/17 07:30:00,-25.6873,46.0643,7.38E-03,0.621599,98.2146,282.653,0.599972,-36.33124,0.092
7/22/17 08:30:00,-10.3594,42.444,7.37E-03,1.11149,109.726,283.145,1.28022,-44.87823,0.093
7/22/17 09:00:00,18.8628,55.8945,7.41E-03,0.520702,207.761,283.646,0.787939,-16.08902,0.092
7/22/17 09:30:00,3.31149,47.8258,7.55E-03,0.376453,127.003,283.612,1.01799,5.172951,0.093
7/22/17 10:00:00,16.9119,86.8799,7.64E-03,0.373815,111.521,283.999,0.95553,33.84563,0.093
7/22/17 10:30:00,33.8496,80.4201,7.37E-03,0.777975,183.142,284.891,1.03747,118.4119,0.093
7/22/17 11:00:00,66.8959,96.8436,7.48E-03,0.578884,294.169,285.835,1.62524,161.5378,0.093
7/22/17 11:30:00,107.497,155.255,7.57E-03,1.11047,92.6013,286.438,1.47821,92.02891,0.093
7/22/17 12:00:00,137.004,181.119,7.66E-03,0.913248,130.212,287.15,1.98145,145.4703,0.094
7/22/17 12:30:00,136.483,219.409,7.72E-03,2.26566,112.335,287.452,3.66284,285.6297,0.094
7/22/17 13:00:00,156.713,246.231,7.78E-03,1.18393,118.479,287.464,3.14983,447.3698,0.094
7/22/17 13:30:00,136.573,190.98,7.97E-03,0.740498,311.529,287.733,2.21127,458.2177,0.094
7/22/17 14:00:00,161.148,196.666,8.09E-03,1.02593,239.335,288.322,2.44774,635.869,0.094
7/22/17 14:30:00,60.2645,125.277,8.07E-03,0.487975,315.834,287.623,1.75771,672.9417,0.094
7/22/17 15:00:00,31.7592,95.9549,8.18E-03,0.410601,252.311,287.379,3.22207,523.442,0.094
7/22/17 15:30:00,34.828,109.604,8.39E-03,0.812783,281.589,287.683,1.74049,481.0844,0.094
7/22/17 16:00:00,29.9436,79.6102,8.49E-03,0.342907,282.511,287.627,1.59374,614.3348,0.094
7/22/17 16:30:00,20.288,104.907,8.56E-03,0.733504,119.221,287.442,2.5258,177.9653,0.094
7/22/17 17:00:00,6.84606,80.6561,8.65E-03,0.679708,127.211,287.511,2.03273,155.2077,0.093
7/22/17 17:30:00,-13.9747,77.3799,8.44E-03,1.22618,104.288,287.537,2.18586,201.0274,0.092
7/22/17 18:00:00,-14.1088,75.9492,8.38E-03,1.87159,70.5454,287.726,2.93005,212.039,0.092
7/22/17 18:30:00,-16.0779,62.3563,8.38E-03,1.17691,60.8498,287.823,2.6577,174.8294,0.092
7/22/17 19:00:00,-32.1987,74.6648,8.37E-03,1.74384,98.2013,287.803,2.87555,123.36,0.092
7/22/17 19:30:00,-31.9647,69.4615,8.24E-03,1.07926,92.911,287.878,4.10122,74.30563,0.092
7/22/17 20:00:00,-48.0711,84.0225,8.15E-03,2.36181,110.835,287.651,6.21006,82.51041,0.091
7/22/17 20:30:00,-55.8007,67.392,8.09E-03,2.5434,114.346,287.429,4.81027,53.70591,0.091
7/22/17 21:00:00,-45.4272,45.0909,7.97E-03,2.53898,112.877,287.249,3.70744,37.72468,0.091
7/22/17 21:30:00,-41.7756,34.1158,8.01E-03,2.57405,100.753,287.117,5.92162,31.66805,0.091
7/22/17 22:00:00,-50.1697,29.5879,8.16E-03,1.15312,128.312,286.702,2.34042,11.36987,0.09
7/22/17 22:30:00,-52.1486,27.2203,8.27E-03,1.44731,125.071,286.657,2.1094,-6.1246,0.09
7/22/17 23:00:00,-55.6172,23.4173,8.45E-03,1.56724,152.491,286.522,2.49962,-15.62813,0.089
7/22/17 23:30:00,-47.7373,25.125,8.52E-03,0.847817,171.697,286.528,1.86022,-22.94411,0.089
7/23/17 00:30:00,-33.5652,19.157,8.58E-03,1.08386,191.812,286.477,1.92576,-47.71762,0.089
7/23/17 01:00:00,-32.6643,20.8796,8.61E-03,0.474074,230.323,286.631,1.49972,-40.49178,0.089
7/23/17 01:30:00,-28.0028,16.2052,8.71E-03,1.00344,189.268,286.541,1.94312,-44.48679,0.09
7/23/17 02:00:00,-25.0454,14.8794,8.75E-03,0.92308,186.438,286.53,0.988766,-33.58345,0.09
7/23/17 02:30:00,-28.9967,17.8704,8.77E-03,0.8229,207.844,286.61,1.36256,-17.71833,0.09
7/23/17 03:00:00,-38.0054,18.1606,8.78E-03,1.07675,184.636,286.632,2.01501,-13.93213,0.09
7/23/17 03:30:00,-36.0434,20.7929,8.82E-03,1.3385,211.325,286.716,1.70072,-15.39422,0.09
7/23/17 04:00:00,-17.8992,10.5138,8.89E-03,0.386636,227.61,286.548,1.10211,-19.66467,0.09
7/23/17 04:30:00,-28.8468,12.0635,8.92E-03,0.489879,228.623,286.283,0.899867,-21.20613,0.09
7/23/17 05:00:00,-22.9844,11.6648,8.92E-03,0.603511,260.109,286.33,1.11119,-32.50526,0.09
7/23/17 05:30:00,-34.891,20.7546,8.88E-03,0.754702,214.711,286.485,1.29811,-15.9484,0.09
7/23/17 06:00:00,-31.6035,14.7708,8.86E-03,0.694586,217.989,286.327,1.10319,-14.69691,0.09
7/23/17 06:30:00,-42.5898,28.3666,8.95E-03,1.06221,179.857,286.173,1.48943,-34.46419,0.09
7/23/17 07:00:00,-22.5042,21.8833,8.99E-03,0.77761,231.8,286.346,0.903013,-18.29825,0.09
7/23/17 07:30:00,-20.1385,27.371,9.05E-03,0.709151,229.704,286.467,1.13386,-21.35279,0.091
7/23/17 08:00:00,-10.8663,44.6916,9.23E-03,0.625955,215.42,286.576,0.880989,-26.97328,0.091
7/23/17 08:30:00,19.2916,70.8199,9.12E-03,1.17401,246.42,287.485,1.3014,-6.730088,0.091
7/23/17 09:00:00,23.5868,69.1546,9.12E-03,1.24782,236.248,287.605,2.48467,0.08636665,0.091
7/23/17 09:30:00,20.1474,84.4043,8.99E-03,1.27376,224.203,287.695,1.46261,19.42352,0.091
7/23/17 10:00:00,8.44649,82.1547,8.86E-03,0.769657,240.668,287.979,1.4859,80.72503,0.091
7/23/17 10:30:00,14.1884,97.7404,8.87E-03,0.66052,236.228,288.205,1.60031,173.6145,0.091
7/23/17 11:00:00,17.3646,123.619,8.71E-03,0.995168,218.255,288.325,2.12035,188.0186,0.091
7/23/17 11:30:00,7.95544,96.0125,8.73E-03,0.520424,240.15,288.604,1.74688,171.196,0.091
7/23/17 12:00:00,6.39605,91.4665,8.61E-03,0.84623,250.135,288.789,1.86691,204.4815,0.091
7/23/17 12:30:00,13.783,145.921,8.52E-03,0.650853,145.427,289.088,1.79786,235.507,0.091
7/23/17 13:00:00,4.6131,112.449,8.43E-03,1.74902,220.067,289.322,2.79181,174.1893,0.091
7/23/17 13:30:00,46.6712,152.392,8.24E-03,1.21132,275.626,289.98,3.25803,211.1731,0.091
7/23/17 14:00:00,52.0251,139.652,8.21E-03,1.12789,12.1478,290.479,2.19356,134.1592,0.091
7/23/17 14:30:00,22.5411,119.22,8.29E-03,1.24064,290.075,290.644,3.3661,182.2343,0.091
7/23/17 15:00:00,13.737,73.6964,8.24E-03,1.45212,320.404,290.547,1.62409,222.8163,0.09
7/23/17 15:30:00,-41.7146,31.5249,8.2E-03,0.302658,301.631,290.655,2.22289,255.0871,0.091
7/23/17 16:30:00,7.77528,94.6833,8.33E-03,0.751389,261.213,291.148,1.21166,361.9053,0.091
7/23/17 17:00:00,12.5953,128.605,8.22E-03,0.489548,273.779,291.151,2.25207,184.6315,0.091
7/23/17 17:30:00,16.829,96.8249,8.06E-03,1.16142,291.021,291.324,1.81378,181.8247,0.091
7/23/17 18:00:00,23.3323,150.671,7.85E-03,1.50854,287.455,291.514,2.09812,132.2865,0.09
7/23/17 18:30:00,-6.28273,55.5986,7.71E-03,7.96E-02,5.83481,291.434,2.63641,239.6205,0.09
7/23/17 19:00:00,-64.7452,74.2598,7.49E-03,0.17448,323.768,290.711,3.14018,177.3039,0.089
7/23/17 19:30:00,-58.1373,93.0426,7.63E-03,0.903808,293.714,290.305,2.32386,96.60293,0.089
7/23/17 20:00:00,34.6016,157.294,8.24E-03,0.162926,154.032,288.163,2.15045,223.2663,0.089
7/23/17 20:30:00,-21.6884,26.6381,8.95E-03,0.228674,61.2815,287.024,0.383471,101.5985,0.09
7/23/17 21:00:00,-39.1078,-178.726,9.07E-03,0.6087,174.678,287.094,1.67576,14.147,0.089
7/23/17 21:30:00,-33.1751,29.6945,8.52E-03,0.428267,251.456,286.942,1.34385,8.377849,0.088
7/23/17 22:00:00,-24.694,29.1745,8.51E-03,0.51091,130.28,286.241,0.71531,-32.70197,0.087
7/23/17 22:30:00,-10.9734,9.24835,8.52E-03,0.561139,346.565,285.957,0.923089,5.112747,0.087
7/23/17 23:00:00,-39.5242,-91.5645,1.5E-02,0.806009,326.093,284.122,1.32561,-17.06776,0.088
7/25/17 00:30:00,-33.748,-20.5492,8.08E-03,0.68822,113.582,275.892,0.253539,-22.45445,0.087
7/25/17 01:00:00,-16.9285,-14.3207,8.22E-03,0.578603,126.493,275.436,0.165475,-33.44373,0.087
7/25/17 01:30:00,-29.6001,-31.5474,8.32E-03,0.749593,126.97,275.456,0.224969,-30.11983,0.087
7/25/17 02:00:00,-29.0464,-60.9541,8.9E-03,0.838409,124.771,274.799,0.135132,-22.87769,0.088
7/25/17 02:30:00,-9.12911,-7.31392,8.91E-03,0.672324,120.814,274.546,9.89E-02,-69.52721,0.09
7/25/17 03:00:00,-12.866,-37.264,1.43E-02,0.575787,122.392,273.917,7.9E-02,-64.81163,0.09
7/25/17 03:30:00,-6.45437,-79.0667,1.17E-02,0.764487,126.797,274.003,5.72E-02,-56.16403,0.09
7/25/17 04:00:00,-13.2509,-85.1292,1.04E-02,0.766972,120.444,274.188,7.66E-02,-49.87685,0.09
7/25/17 05:30:00,-11.1167,5.10895,2.93E-02,0.685988,121.484,270.937,4.78E-02,-40.98579,0.089
7/25/17 08:00:00,4.05319,-160.818,1.24E-02,0.795442,65.7276,276.494,6.7E-02,-34.51621,0.089
7/25/17 08:30:00,-20.5646,25.3542,8.52E-03,0.979586,50.8053,279.418,0.130383,-29.58253,0.089
7/25/17 09:00:00,4.56498,62.8055,8.46E-03,1.13124,83.0489,280.86,0.480281,-26.83931,0.089
7/25/17 09:30:00,33.8902,46.1251,8.45E-03,1.11329,70.8548,281.424,0.575743,-21.4143,0.089
7/25/17 10:00:00,63.1932,73.1107,8.25E-03,0.893198,52.4609,282.369,0.40354,119.4907,0.089
7/25/17 10:30:00,89.875,96.5996,7.95E-03,0.647235,181.79,283.481,0.422968,177.2195,0.09
7/25/17 11:00:00,113.613,113.115,8.09E-03,0.550804,44.5965,284.248,0.720069,205.0157,0.09
7/25/17 11:30:00,136.298,140.654,7.96E-03,0.88293,286.475,284.972,0.744563,260.019,0.091
7/25/17 12:00:00,150.294,168.312,7.92E-03,0.448416,275.142,285.873,1.0153,327.7014,0.091
7/25/17 13:30:00,158.977,171.841,7.94E-03,0.600975,314.257,287.648,0.923037,394.5954,0.092
7/25/17 14:00:00,155.085,233.649,7.06E-03,0.209147,70.2959,288.639,1.89563,469.2478,0.092
7/25/17 14:30:00,176.771,263.414,6.86E-03,0.473151,339.436,288.843,1.35373,541.3054,0.093
7/25/17 15:00:00,207.312,226.588,6.79E-03,1.01984,292.646,289.501,0.871797,579.4679,0.093
7/25/17 15:30:00,194.511,234.015,7.1E-03,1.82718,300.924,289.641,1.06744,462.1039,0.093
7/25/17 16:30:00,161.568,288.767,6.58E-03,0.777204,344.306,289.995,1.24067,585.7062,0.093
7/25/17 17:00:00,128.892,135.668,5.68E-03,1.66887,271.474,289.977,1.31651,673.26,0.092
7/25/17 17:30:00,119.67,211.237,5.25E-03,1.1943,280.248,290.246,0.839497,617.0013,0.092
7/25/17 18:00:00,114.048,100.731,6.51E-03,1.59931,297.838,289.71,2.03237,673.5525,0.092
7/25/17 18:30:00,83.9535,97.7543,7.3E-03,1.4328,313.454,289.445,0.705462,519.6688,0.091
7/25/17 19:00:00,98.0425,147.644,8.14E-03,1.97226,309.187,288.947,0.921446,531.5982,0.091
7/25/17 20:00:00,-50.2034,43.9185,8.39E-03,0.430852,105.507,285.2,0.459154,433.844,0.091
7/25/17 20:30:00,-25.628,16.1366,8.63E-03,0.882388,131.241,283.462,0.140615,388.4198,0.091
7/25/17 21:00:00,-38.9864,19.5282,8.73E-03,0.809053,122.861,282.478,0.173253,227.2661,0.09
7/25/17 21:30:00,-8.44392,1.96996,8.88E-03,0.673077,116.098,281.619,8.22E-02,315.567,0.09
7/25/17 22:00:00,-12.692,-1.20461,8.93E-03,0.769935,117.733,281.108,7.45E-02,206.4237,0.089
7/25/17 22:30:00,-16.5735,-0.937053,8.99E-03,0.752437,117.989,280.082,9.13E-02,-61.1908,0.088
7/25/17 23:00:00,-28.51,-3.744,8.94E-03,0.771517,119.68,280.087,0.100754,-53.64171,0.088
7/25/17 23:30:00,-17.0458,-3.22665,8.95E-03,0.72484,122.645,279.565,7.3E-02,-59.74897,0.087
7/26/17 00:00:00,-9.11795,-1.23053,8.98E-03,0.761675,121.309,279.067,5.55E-02,-62.50469,0.087
7/26/17 00:30:00,-5.82085,-5.69437,8.89E-03,0.751602,134.542,277.96,0.133873,-65.18124,0.087
7/26/17 01:00:00,-13.5288,-5.47935,8.87E-03,0.75255,135.039,277.969,0.106155,-63.91454,0.087
7/26/17 01:30:00,-16.0518,-1.97383,8.87E-03,0.661769,125.479,277.769,4.37E-02,-63.4938,0.087
7/26/17 02:00:00,-7.53987,-4.10084,8.89E-03,0.712927,130.633,277.258,3.4E-02,-63.47361,0.086
7/26/17 02:30:00,-12.045,-2.8075,8.87E-03,0.754632,127.717,277.318,5.9E-02,-60.7853,0.086
7/26/17 03:00:00,-23.9545,-7.60248,8.71E-03,0.825905,118.766,277.391,8.2E-02,-59.61495,0.086
7/26/17 03:30:00,-16.1427,0.300608,8.72E-03,0.837929,118.483,277.049,7.15E-02,-62.2693,0.086
7/26/17 04:00:00,-10.4124,-6.67451,8.57E-03,0.837759,123.6,276.939,6.35E-02,-58.45456,0.086
7/26/17 04:30:00,-11.905,-15.6539,8.44E-03,0.868022,127.305,276.743,0.122104,-57.23241,0.086
7/26/17 05:00:00,-13.7661,-5.08904,8.39E-03,0.691622,132.796,276.3,5.44E-02,-46.42081,0.086
7/26/17 05:30:00,-27.5163,-3.00414,8.24E-03,0.926269,126.169,276.481,0.103516,-45.29908,0.086
7/26/17 06:00:00,-23.3751,-8.57842,8.26E-03,0.824234,129.126,275.743,6.58E-02,-48.59698,0.086
7/26/17 06:30:00,-25.5774,-7.86276,8.28E-03,0.96554,134.481,275.84,7.77E-02,-55.28944,0.086
7/26/17 07:00:00,-27.181,-3.01216,8.24E-03,1.07583,124.927,277.414,0.145324,-55.10263,0.086
7/26/17 07:30:00,-85.7953,12.7169,8.32E-03,1.02761,116.154,280.856,0.209656,-61.22317,0.086
7/26/17 08:30:00,-33.6405,58.1695,8.2E-03,1.53105,85.1045,284.697,0.592895,-63.6767,0.086
7/26/17 09:00:00,-15.817,70.3944,8.28E-03,1.45266,89.0249,285.303,0.672621,-60.95354,0.086
7/26/17 09:30:00,19.527,80.5391,8.27E-03,1.54703,84.5469,285.931,0.741294,-45.25238,0.086
7/26/17 10:00:00,31.8906,108.837,8.09E-03,0.88133,122.866,286.534,1.18575,-43.86847,0.086
7/26/17 10:30:00,61.9329,82.6406,7.67E-03,0.391915,221.968,287.769,1.58971,-38.41428,0.086
7/26/17 11:00:00,90.7807,140.722,7.1E-03,0.654833,265.121,288.601,1.49329,132.4061,0.087
7/26/17 11:30:00,72.7057,134.265,6.7E-03,0.488563,238.211,289.382,1.53147,198.8673,0.087
7/26/17 12:00:00,79.9357,191.85,6.55E-03,0.676628,194.709,290.12,1.7497,263.8049,0.088
7/26/17 12:30:00,91.5327,201.941,6.1E-03,0.409908,167.328,290.553,1.96022,317.4109,0.088
7/26/17 13:00:00,102.967,221.717,5.79E-03,1.65682,221.605,291.295,1.91126,391.6708,0.088
7/26/17 13:30:00,129.512,248.772,5.79E-03,1.00397,255.479,291.46,2.77221,443.7665,0.088
7/26/17 14:00:00,114.289,229.955,5.54E-03,0.833934,243.578,291.948,1.7177,488.7981,0.089
7/26/17 14:30:00,121.21,207.19,5.51E-03,1.00747,272.576,292.293,2.12471,530.0684,0.089
7/26/17 15:00:00,132.488,243.567,5.53E-03,1.80558,264.685,292.601,1.79307,559.8469,0.089
7/26/17 15:30:00,106.177,241.276,5.79E-03,1.12229,201.261,292.892,2.15886,585.2396,0.089
7/26/17 16:00:00,117.925,243.702,5.81E-03,0.851639,246.138,293.235,1.41373,597.5231,0.088
7/26/17 16:30:00,96.4849,225.742,5.85E-03,1.10973,228.739,293.162,2.12382,603.3855,0.088
7/26/17 17:00:00,98.0848,223.728,5.96E-03,0.823126,224.944,293.286,1.11943,601.2994,0.088
7/26/17 17:30:00,77.3101,215.2,6.17E-03,0.538141,291.755,293.606,1.27798,588.7242,0.088
7/26/17 18:00:00,57.1368,186.731,6.28E-03,0.433122,228.652,293.374,1.15761,561.3083,0.087
7/26/17 18:30:00,21.3722,155.864,6.37E-03,0.523751,106.73,293.27,0.930437,525.6426,0.087
7/26/17 19:00:00,1.39449,112.888,6.37E-03,1.03288,143.736,292.877,0.666657,479.6389,0.087
7/26/17 19:30:00,-8.29575,41.2597,7.04E-03,0.77863,148.312,291.135,0.34778,430.7263,0.087
7/26/17 20:00:00,-36.1239,55.7479,8.25E-03,0.898706,130.648,287.757,0.141738,379.395,0.086
7/26/17 20:30:00,-46.9118,46.0919,8.58E-03,0.860832,129.495,286.007,0.146704,315.6754,0.086
7/26/17 21:00:00,-52.8395,39.8807,8.18E-03,0.914239,127.559,285.109,0.187074,254.9802,0.086
7/26/17 21:30:00,-19.4047,10.7955,7.99E-03,0.877722,125.31,284.12,0.101895,186.3061,0.085
7/26/17 22:00:00,-33.0951,17.7615,7.69E-03,0.979303,127.405,283.524,0.142699,-30.07809,0.084
7/26/17 22:30:00,-38.3047,14.5256,7.66E-03,0.821757,127.431,282.645,0.156893,-46.42738,0.084
7/26/17 23:00:00,-55.7544,27.5463,7.46E-03,1.02889,120.647,283.382,0.215117,-49.28742,0.083
7/26/17 23:30:00,-42.4992,18.8583,7.49E-03,0.962857,131.075,282.946,0.142449,-54.21292,0.083